Player Name,Position,Games,MLBAMID
A.J. Burnett,SP,30,150359
A.J. Ellis,Catcher,113,454560
A.J. Griffin,SP,32,456167
A.J. Pierzynski,Catcher,119,150229
A.J. Pierzynski,DH,12,150229
A.J. Pollock,OF,118,572041
A.J. Pollock,CF,110,572041
A.J. Pollock,LF,7,572041
A.J. Pollock,RF,2,572041
A.J. Ramos,RP,68,573109
Aaron Crow,RP,57,543070
Aaron Harang,SP,26,421685
Aaron Hicks,CF,81,543305
Aaron Hicks,OF,81,543305
Aaron Hill,2B,84,431094
Aaron Laffey,SP,3,444836
Aaron Laffey,RP,2,444836
Aaron Loup,RP,64,571901
Abraham Almonte,OF,23,501659
Abraham Almonte,CF,15,501659
Abraham Almonte,RF,7,501659
Abraham Almonte,LF,2,501659
Abraham Almonte,DH,1,501659
Adam Dunn,DH,74,276055
Adam Dunn,1B,71,276055
Adam Dunn,LF,3,276055
Adam Dunn,OF,3,276055
Adam Eaton,OF,60,594809
Adam Eaton,LF,35,594809
Adam Eaton,CF,30,594809
Adam Eaton,RF,4,594809
Adam Eaton,DH,1,594809
Adam Jones,OF,156,430945
Adam Jones,CF,156,430945
Adam Jones,DH,4,430945
Adam LaRoche,1B,149,425560
Adam LaRoche,DH,1,425560
Adam Lind,1B,76,452252
Adam Lind,DH,61,452252
Adam Moore,Catcher,5,446192
Adam Ottavino,RP,51,493603
Adam Rosales,SS,39,489267
Adam Rosales,2B,15,489267
Adam Rosales,3B,4,489267
Adam Rosales,1B,4,489267
Adam Rosales,DH,3,489267
Adam Rosales,LF,1,489267
Adam Rosales,OF,1,489267
Adam Wainwright,SP,34,425794
Adam Warren,RP,32,476589
Adam Warren,SP,2,476589
Addison Reed,RP,68,592665
Adeiny Hechavarria,SS,148,588751
Adrian Beltre,3B,146,134181
Adrian Beltre,DH,15,134181
Adrian Gonzalez,1B,151,408236
Adrian Gonzalez,DH,1,408236
Adron Chambers,OF,14,518545
Adron Chambers,LF,11,518545
Adron Chambers,RF,6,518545
Al Alburquerque,RP,53,456379
Albert Pujols,DH,65,405395
Albert Pujols,1B,34,405395
Alberto Cabrera,RP,7,501227
Alberto Callaspo,3B,93,430948
Alberto Callaspo,2B,33,430948
Alberto Callaspo,DH,10,430948
Alberto Gonzalez,2B,10,471868
Alberto Gonzalez,3B,7,471868
Alberto Gonzalez,SS,5,471868
Alberto Gonzalez,OF,2,471868
Alberto Gonzalez,RF,1,471868
Alberto Gonzalez,LF,1,471868
Alcides Escobar,SS,158,444876
Alejandro De Aza,OF,151,457477
Alejandro De Aza,CF,107,457477
Alejandro De Aza,LF,79,457477
Alejandro De Aza,DH,1,457477
Alex Avila,Catcher,98,488671
Alex Burnett,RP,3,488751
Alex Castellanos,OF,8,543008
Alex Castellanos,RF,6,543008
Alex Castellanos,LF,2,543008
Alex Cobb,SP,22,502171
Alex Colome,SP,3,517008
Alex Gonzalez,1B,22,542656
Alex Gonzalez,3B,11,542656
Alex Gonzalez,SS,3,542656
Alex Gordon,LF,155,460086
Alex Gordon,OF,155,460086
Alex Liddi,1B,6,499926
Alex Presley,OF,49,502100
Alex Presley,CF,28,502100
Alex Presley,LF,12,502100
Alex Presley,RF,12,502100
Alex Rios,OF,155,425567
Alex Rios,RF,155,425567
Alex Rios,CF,1,425567
Alex Rodriguez,3B,27,121347
Alex Rodriguez,DH,16,121347
Alex Sanabia,SP,10,502253
Alex Torres,RP,39,456776
Alex Wilson,RP,26,543935
Alex Wood,RP,20,622072
Alex Wood,SP,11,622072
Alexei Ramirez,SS,158,493351
Alexi Amarista,OF,95,506560
Alexi Amarista,CF,87,506560
Alexi Amarista,2B,23,506560
Alexi Amarista,SS,13,506560
Alexi Amarista,LF,11,506560
Alexi Amarista,3B,9,506560
Alexi Casilla,2B,51,458210
Alexi Casilla,DH,2,458210
Alexi Casilla,SS,2,458210
Alexi Ogando,SP,18,468396
Alexi Ogando,RP,5,468396
Alfonso Soriano,LF,134,150093
Alfonso Soriano,OF,134,150093
Alfonso Soriano,DH,13,150093
Alfredo Aceves,SP,6,469686
Alfredo Aceves,RP,5,469686
Alfredo Figaro,RP,28,451628
Alfredo Figaro,SP,5,451628
Alfredo Marte,LF,9,501245
Alfredo Marte,OF,9,501245
Alfredo Marte,RF,1,501245
Alfredo Marte,DH,1,501245
Alfredo Simon,RP,63,430580
Allen Craig,1B,95,501800
Allen Craig,OF,46,501800
Allen Craig,LF,25,501800
Allen Craig,RF,22,501800
Allen Craig,DH,1,501800
Allen Webster,SP,7,543903
Allen Webster,RP,1,543903
Andre Ethier,OF,133,444843
Andre Ethier,CF,74,444843
Andre Ethier,RF,54,444843
Andre Ethier,LF,8,444843
Andre Ethier,DH,2,444843
Andre Rienzo,SP,10,516589
Andrelton Simmons,SS,156,592743
Andres Torres,OF,85,400083
Andres Torres,LF,56,400083
Andres Torres,CF,30,400083
Andres Torres,RF,2,400083
Andrew Albers,SP,10,452027
Andrew Bailey,RP,30,457732
Andrew Brown,OF,38,408046
Andrew Brown,RF,25,408046
Andrew Brown,LF,14,408046
Andrew Brown,DH,3,408046
Andrew Brown,1B,1,408046
Andrew Cashner,SP,26,488768
Andrew Cashner,RP,5,488768
Andrew Lambo,OF,8,518911
Andrew Lambo,RF,6,518911
Andrew Lambo,LF,2,518911
Andrew McCutchen,OF,155,457705
Andrew McCutchen,CF,155,457705
Andrew McCutchen,DH,1,457705
Andrew Miller,RP,37,453192
Andrew Romine,3B,24,461865
Andrew Romine,SS,17,461865
Andrew Romine,2B,4,461865
Andrew Romine,DH,1,461865
Andy Dirks,OF,124,543108
Andy Dirks,LF,116,543108
Andy Dirks,RF,15,543108
Andy Dirks,CF,4,543108
Andy Dirks,DH,3,543108
Andy LaRoche,3B,1,451188
Andy Parrino,SS,7,519107
Andy Parrino,2B,5,519107
Andy Parrino,3B,2,519107
Andy Pettitte,SP,30,120485
Angel Pagan,CF,71,434636
Angel Pagan,OF,71,434636
Angel Sanchez,2B,1,605795
Anibal Sanchez,SP,29,434671
Anthony Bass,RP,24,542914
Anthony Gose,OF,49,543238
Anthony Gose,CF,34,543238
Anthony Gose,LF,15,543238
Anthony Gose,RF,3,543238
Anthony Gose,DH,1,543238
Anthony Recker,Catcher,38,489232
Anthony Recker,DH,1,489232
Anthony Rendon,2B,82,543685
Anthony Rendon,3B,15,543685
Anthony Rendon,SS,4,543685
Anthony Rizzo,1B,159,519203
Anthony Swarzak,RP,48,461872
Anthony Varvaro,RP,62,460008
Antonio Bastardo,RP,48,455374
Aramis Ramirez,3B,80,133380
Aramis Ramirez,DH,5,133380
Aroldis Chapman,RP,68,547973
Arquimedes Caminero,RP,13,491708
Asdrubal Cabrera,SS,130,452678
Asdrubal Cabrera,DH,6,452678
Audry Perez,Catcher,1,542233
Austin Jackson,CF,129,457706
Austin Jackson,OF,129,457706
Austin Kearns,OF,4,400290
Austin Kearns,RF,3,400290
Austin Kearns,LF,1,400290
Austin Romine,Catcher,59,519222
Avisail Garcia,OF,71,541645
Avisail Garcia,RF,41,541645
Avisail Garcia,CF,31,541645
Avisail Garcia,LF,3,541645
B.J. Rosenberg,RP,22,543725
B.J. Upton,CF,118,425834
B.J. Upton,OF,118,425834
Barry Enright,RP,2,446264
Barry Enright,SP,2,446264
Barry Zito,SP,25,217096
Barry Zito,RP,5,217096
Bartolo Colon,SP,30,112526
Ben Francisco,DH,11,450204
Ben Francisco,OF,8,450204
Ben Francisco,RF,5,450204
Ben Francisco,LF,3,450204
Ben Revere,CF,87,519184
Ben Revere,OF,87,519184
Ben Zobrist,2B,125,450314
Ben Zobrist,OF,42,450314
Ben Zobrist,RF,39,450314
Ben Zobrist,SS,21,450314
Ben Zobrist,LF,4,450314
Ben Zobrist,DH,2,450314
Ben Zobrist,CF,1,450314
Billy Buckner,RP,5,434438
Billy Buckner,SP,2,434438
Billy Butler,DH,150,456714
Billy Butler,1B,7,456714
Billy Hamilton,CF,7,571740
Billy Hamilton,OF,7,571740
Blake Beavan,RP,10,518444
Blake Beavan,SP,2,518444
Blake DeWitt,3B,1,455088
Blake Lalli,1B,5,503351
Blake Lalli,Catcher,1,503351
Blake Parker,RP,49,453284
Blake Tekotte,CF,16,493574
Blake Tekotte,OF,16,493574
Blake Tekotte,LF,1,493574
Blake Wood,RP,2,502028
Bobby LaFromboise,RP,10,489039
Bobby Parnell,RP,49,458730
Boone Logan,RP,61,457429
Brad Boxberger,RP,18,502202
Brad Brach,RP,33,542960
Brad Hand,RP,5,543272
Brad Hand,SP,2,543272
Brad Hawpe,1B,7,425547
Brad Hawpe,OF,6,425547
Brad Hawpe,RF,5,425547
Brad Hawpe,DH,1,425547
Brad Hawpe,LF,1,425547
Brad Lincoln,RP,22,453184
Brad Miller,SS,68,444960
Brad Miller,2B,13,444960
Brad Miller,3B,3,444960
Brad Peacock,SP,14,502748
Brad Peacock,RP,4,502748
Brad Ziegler,RP,78,446899
Brandon Bantz,Catcher,1,572702
Brandon Barnes,OF,134,488681
Brandon Barnes,CF,116,488681
Brandon Barnes,RF,13,488681
Brandon Barnes,LF,8,488681
Brandon Beachy,SP,5,545404
Brandon Belt,1B,143,474832
Brandon Crawford,SS,147,543063
Brandon Cumpton,SP,5,592238
Brandon Cumpton,RP,1,592238
Brandon Gomes,RP,26,460156
Brandon Inge,2B,13,276346
Brandon Inge,3B,10,276346
Brandon Inge,OF,6,276346
Brandon Inge,RF,6,276346
Brandon Inge,1B,4,276346
Brandon Inge,SS,1,276346
Brandon Kintzler,RP,71,445213
Brandon Laird,1B,13,477186
Brandon Laird,DH,7,477186
Brandon Laird,3B,4,477186
Brandon League,RP,58,434181
Brandon Lyon,RP,37,407193
Brandon Maurer,SP,14,543506
Brandon Maurer,RP,8,543506
Brandon McCarthy,SP,22,435221
Brandon Morrow,SP,10,453344
Brandon Moss,1B,111,461235
Brandon Moss,OF,34,461235
Brandon Moss,RF,27,461235
Brandon Moss,LF,8,461235
Brandon Moss,DH,3,461235
Brandon Moss,3B,2,461235
Brandon Moss,CF,2,461235
Brandon Phillips,2B,151,408252
Brandon Snyder,3B,17,474319
Brandon Snyder,1B,6,474319
Brandon Snyder,DH,3,474319
Brandon Snyder,LF,1,474319
Brandon Snyder,OF,1,474319
Brandon Workman,RP,17,519443
Brandon Workman,SP,3,519443
Brayan Pena,Catcher,64,430910
Brayan Pena,1B,1,430910
Brayan Villarreal,RP,8,500903
Brendan Harris,SS,21,430593
Brendan Harris,3B,7,430593
Brendan Harris,1B,6,430593
Brendan Harris,2B,6,430593
Brendan Harris,DH,1,430593
Brendan Harris,LF,1,430593
Brendan Harris,OF,1,430593
Brendan Ryan,SS,101,453895
Brendan Ryan,DH,2,453895
Brennan Boesch,OF,15,453269
Brennan Boesch,RF,15,453269
Brennan Boesch,DH,3,453269
Brent Lillibridge,3B,12,452121
Brent Lillibridge,2B,5,452121
Brent Lillibridge,DH,1,452121
Brent Lillibridge,OF,1,452121
Brent Lillibridge,RF,1,452121
Brent Lillibridge,1B,1,452121
Brent Morel,3B,9,543569
Brent Morel,1B,3,543569
Brett Anderson,RP,11,474463
Brett Anderson,SP,5,474463
Brett Cecil,RP,60,446399
Brett Gardner,CF,139,458731
Brett Gardner,OF,139,458731
Brett Gardner,DH,3,458731
Brett Hayes,Catcher,5,451109
Brett Lawrie,3B,103,543434
Brett Lawrie,2B,6,543434
Brett Marshall,RP,3,543493
Brett Myers,SP,3,408206
Brett Myers,RP,1,408206
Brett Oberholtzer,SP,10,519085
Brett Oberholtzer,RP,3,519085
Brett Pill,1B,13,489209
Brett Pill,LF,8,489209
Brett Pill,OF,8,489209
Brett Wallace,1B,61,477165
Brett Wallace,3B,9,477165
Brett Wallace,DH,8,477165
Brian Bogusevic,OF,39,460131
Brian Bogusevic,LF,29,460131
Brian Bogusevic,CF,10,460131
Brian Bogusevic,RF,1,460131
Brian Dozier,2B,146,572821
Brian Duensing,RP,73,488846
Brian Flynn,SP,4,543169
Brian Matusz,RP,65,451085
Brian McCann,Catcher,92,435263
Brian McCann,DH,3,435263
Brian Omogrosso,RP,12,476134
Brian Roberts,2B,60,406878
Brian Roberts,DH,15,406878
Brian Wilson,RP,18,451216
Brock Holt,3B,20,571788
Brock Holt,2B,5,571788
Brock Holt,DH,1,571788
Brock Peterson,LF,5,453857
Brock Peterson,OF,5,453857
Brock Peterson,1B,4,453857
Bronson Arroyo,SP,32,276520
Brooks Raley,RP,9,548384
Bruce Chen,RP,19,136600
Bruce Chen,SP,15,136600
Bruce Rondon,RP,30,541652
Bryan Anderson,Catcher,10,457762
Bryan Holaday,Catcher,14,592407
Bryan Holaday,DH,1,592407
Bryan Morris,RP,55,457768
Bryan Shaw,RP,70,543766
Bryce Harper,OF,116,547180
Bryce Harper,LF,98,547180
Bryce Harper,RF,16,547180
Bryce Harper,CF,9,547180
Bud Norris,SP,30,502032
Bud Norris,RP,2,502032
Buddy Boshers,RP,25,542953
Burch Smith,SP,7,572143
Burch Smith,RP,3,572143
Burke Badenhop,RP,63,488674
Buster Posey,Catcher,121,457763
Buster Posey,1B,21,457763
Buster Posey,DH,5,457763
C.C. Lee,RP,8,547348
C.J. Wilson,SP,33,450351
Caleb Gindl,OF,34,518725
Caleb Gindl,LF,30,518725
Caleb Gindl,RF,5,518725
Caleb Thielbar,RP,49,573204
Cameron Maybin,CF,14,457727
Cameron Maybin,OF,14,457727
Cameron Rupp,Catcher,3,519237
Carl Crawford,LF,107,408307
Carl Crawford,OF,107,408307
Carl Crawford,DH,3,408307
Carlos Beltran,OF,137,136860
Carlos Beltran,RF,137,136860
Carlos Beltran,DH,3,136860
Carlos Carrasco,RP,8,471911
Carlos Carrasco,SP,7,471911
Carlos Corporan,Catcher,57,449786
Carlos Corporan,DH,2,449786
Carlos Corporan,1B,1,449786
Carlos Gomez,CF,146,460576
Carlos Gomez,OF,146,460576
Carlos Gonzalez,LF,106,471865
Carlos Gonzalez,OF,106,471865
Carlos Gonzalez,DH,1,471865
Carlos Marmol,RP,52,461791
Carlos Martinez,RP,20,463036
Carlos Martinez,SP,1,463036
Carlos Peguero,OF,2,451713
Carlos Peguero,RF,2,451713
Carlos Pena,1B,46,150289
Carlos Pena,DH,38,150289
Carlos Quentin,LF,69,435041
Carlos Quentin,OF,69,435041
Carlos Quentin,DH,6,435041
Carlos Ruiz,Catcher,86,434563
Carlos Santana,Catcher,84,467793
Carlos Santana,DH,47,467793
Carlos Santana,1B,29,467793
Carlos Torres,RP,24,606472
Carlos Torres,SP,9,606472
Carlos Triunfel,SS,10,508892
Carlos Triunfel,2B,4,508892
Carlos Triunfel,3B,1,508892
Carlos Triunfel,DH,1,508892
Carlos Villanueva,RP,32,453646
Carlos Villanueva,SP,15,453646
Carter Capps,RP,53,605169
Casey Fien,RP,73,502272
Casey Janssen,RP,56,445163
Casey Kotchman,1B,6,425773
Casper Wells,OF,31,489413
Casper Wells,LF,16,489413
Casper Wells,RF,11,489413
Casper Wells,DH,7,489413
Casper Wells,CF,5,489413
CC Sabathia,SP,32,282332
Cesar Cabral,RP,8,501627
Cesar Hernandez,CF,22,514917
Cesar Hernandez,OF,22,514917
Cesar Hernandez,2B,10,514917
Cesar Izturis,SS,29,285131
Cesar Izturis,2B,21,285131
Cesar Izturis,3B,1,285131
Cesar Jimenez,RP,19,462945
Cesar Ramos,RP,48,459987
Chad Bettis,RP,8,518452
Chad Bettis,SP,8,518452
Chad Billingsley,SP,2,451532
Chad Durbin,RP,16,239795
Chad Gaudin,RP,18,429985
Chad Gaudin,SP,12,429985
Chad Jenkins,RP,7,554432
Chad Jenkins,SP,3,554432
Chad Qualls,RP,66,430589
Chad Tracy,3B,14,501913
Chad Tracy,1B,10,501913
Chad Tracy,DH,3,501913
Chance Ruffin,RP,9,592704
Chang-Yong Lim,RP,6,547939
Charles Brewer,RP,4,502033
Charles Leesman,RP,7,489056
Charles Leesman,SP,1,489056
Charlie Blackmon,OF,68,453568
Charlie Blackmon,RF,34,453568
Charlie Blackmon,CF,25,453568
Charlie Blackmon,LF,17,453568
Charlie Culberson,LF,27,518586
Charlie Culberson,OF,27,518586
Charlie Culberson,2B,4,518586
Charlie Furbush,RP,71,518703
Charlie Morton,SP,20,450203
Chase Headley,3B,140,452104
Chase Utley,2B,125,400284
Chase Utley,DH,1,400284
Chaz Roe,RP,21,475054
Chia-Jen Lo,RP,19,547568
Chien-Ming Wang,SP,6,425426
Chris Archer,SP,23,502042
Chris Bootcheck,RP,1,408052
Chris Capuano,SP,20,425626
Chris Capuano,RP,4,425626
Chris Carter,1B,61,474892
Chris Carter,OF,51,474892
Chris Carter,LF,49,474892
Chris Carter,DH,47,474892
Chris Carter,RF,2,474892
Chris Coghlan,OF,39,458085
Chris Coghlan,LF,18,458085
Chris Coghlan,CF,17,458085
Chris Coghlan,3B,8,458085
Chris Coghlan,RF,4,458085
Chris Coghlan,DH,1,458085
Chris Coghlan,2B,1,458085
Chris Colabello,1B,26,499624
Chris Colabello,DH,12,499624
Chris Colabello,OF,11,499624
Chris Colabello,RF,11,499624
Chris Davis,1B,155,448801
Chris Davis,DH,5,448801
Chris Denorfia,OF,139,456121
Chris Denorfia,RF,97,456121
Chris Denorfia,LF,58,456121
Chris Denorfia,CF,41,456121
Chris Denorfia,DH,1,456121
Chris Dickerson,OF,28,447736
Chris Dickerson,DH,24,447736
Chris Dickerson,LF,17,447736
Chris Dickerson,RF,6,447736
Chris Dickerson,CF,5,447736
Chris Dwyer,RP,2,543125
Chris Getz,2B,68,460051
Chris Getz,DH,5,460051
Chris Gimenez,1B,1,460269
Chris Gimenez,3B,1,460269
Chris Gimenez,Catcher,1,460269
Chris Hatcher,RP,7,501822
Chris Heisey,OF,75,502317
Chris Heisey,LF,69,502317
Chris Heisey,RF,6,502317
Chris Heisey,DH,4,502317
Chris Heisey,CF,1,502317
Chris Herrmann,Catcher,27,543302
Chris Herrmann,OF,24,543302
Chris Herrmann,RF,21,543302
Chris Herrmann,LF,3,543302
Chris Herrmann,DH,1,543302
Chris Iannetta,Catcher,113,455104
Chris Johnson,3B,125,453400
Chris Johnson,1B,12,453400
Chris Leroux,RP,2,460092
Chris Marrero,1B,3,502029
Chris Marrero,DH,1,502029
Chris McGuiness,1B,10,573027
Chris Narveson,RP,2,429780
Chris Nelson,3B,57,455126
Chris Nelson,2B,2,455126
Chris Nelson,DH,1,455126
Chris Owings,SS,13,572008
Chris Owings,2B,3,572008
Chris Parmelee,OF,68,476633
Chris Parmelee,RF,68,476633
Chris Parmelee,1B,23,476633
Chris Parmelee,CF,1,476633
Chris Perez,RP,54,453198
Chris Resop,RP,18,434592
Chris Robinson,Catcher,2,460101
Chris Rusin,SP,13,543734
Chris Sale,SP,30,519242
Chris Snyder,Catcher,8,430965
Chris Stewart,Catcher,108,455755
Chris Stewart,1B,2,455755
Chris Tillman,SP,33,501957
Chris Valaika,2B,6,453362
Chris Valaika,SS,6,453362
Chris Valaika,3B,5,453362
Chris Valaika,1B,3,453362
Chris Volstad,RP,6,458690
Chris Withrow,RP,26,519437
Chris Young,OF,96,455759
Chris Young,CF,54,455759
Chris Young,RF,26,455759
Chris Young,LF,24,455759
Chris Young,DH,6,455759
Christian Yelich,OF,62,592885
Christian Yelich,LF,59,592885
Christian Yelich,CF,5,592885
Clay Buchholz,SP,16,453329
Clay Rapada,RP,4,449060
Clayton Kershaw,SP,33,477132
Clayton Mortensen,RP,24,489150
Clayton Richard,SP,11,453385
Clayton Richard,RP,1,453385
Clete Thomas,OF,86,460004
Clete Thomas,CF,50,460004
Clete Thomas,LF,26,460004
Clete Thomas,RF,10,460004
Clete Thomas,DH,2,460004
Cliff Lee,SP,31,424324
Cliff Pennington,SS,51,460060
Cliff Pennington,2B,29,460060
Cliff Pennington,3B,2,460060
Clint Barmes,SS,106,425549
Coco Crisp,CF,110,424825
Coco Crisp,OF,110,424825
Coco Crisp,DH,20,424825
Cody Allen,RP,77,488659
Cody Asche,3B,44,605125
Cody Clark,Catcher,16,460612
Cody Eppley,RP,2,543136
Cody Ransom,3B,46,285068
Cody Ransom,1B,4,285068
Cody Ransom,SS,1,285068
Cody Ross,OF,83,425496
Cody Ross,LF,46,425496
Cody Ross,RF,44,425496
Colby Rasmus,CF,115,458675
Colby Rasmus,OF,115,458675
Colby Rasmus,DH,1,458675
Cole De Vries,RP,2,453301
Cole De Vries,SP,2,453301
Cole Gillespie,OF,20,502261
Cole Gillespie,RF,13,502261
Cole Gillespie,LF,6,502261
Cole Gillespie,CF,1,502261
Cole Hamels,SP,33,430935
Collin Cowgill,OF,66,518577
Collin Cowgill,LF,32,518577
Collin Cowgill,CF,24,518577
Collin Cowgill,RF,17,518577
Collin Cowgill,DH,1,518577
Collin McHugh,SP,5,543521
Collin McHugh,RP,2,543521
Colt Hynes,RP,22,518833
Conor Gillaspie,3B,113,543216
Conor Gillaspie,1B,12,543216
Conor Gillaspie,DH,1,543216
Corban Joseph,1B,1,543377
Corban Joseph,2B,1,543377
Cord Phelps,2B,3,543647
Corey Brown,OF,9,446395
Corey Brown,LF,5,446395
Corey Brown,RF,3,446395
Corey Brown,CF,1,446395
Corey Dickerson,OF,51,572816
Corey Dickerson,LF,36,572816
Corey Dickerson,CF,15,572816
Corey Dickerson,RF,4,572816
Corey Dickerson,DH,1,572816
Corey Kluber,SP,24,446372
Corey Kluber,RP,2,446372
Corky Miller,Catcher,16,280061
Cory Burns,RP,10,451132
Cory Gearrin,RP,37,518715
Cory Rasmus,RP,19,474284
Craig Breslow,RP,61,444520
Craig Gentry,OF,102,502226
Craig Gentry,CF,71,502226
Craig Gentry,LF,34,502226
Craig Gentry,DH,2,502226
Craig Kimbrel,RP,68,518886
Craig Stammen,RP,55,489334
Cristhian Martinez,RP,2,450852
Curtis Granderson,OF,46,434158
Curtis Granderson,CF,25,434158
Curtis Granderson,DH,15,434158
Curtis Granderson,RF,14,434158
Curtis Granderson,LF,13,434158
Curtis Partch,RP,14,489197
Daisuke Matsuzaka,SP,7,493137
Dale Thayer,RP,69,445612
Dallas Keuchel,SP,22,572971
Dallas Keuchel,RP,9,572971
Dallas Keuchel,DH,1,572971
Dan Haren,SP,30,429717
Dan Haren,RP,1,429717
Dan Jennings,RP,47,543359
Dan Johnson,DH,2,430681
Dan Johnson,1B,1,430681
Dan Otero,RP,33,519096
Dan Straily,SP,27,573185
Dan Uggla,2B,133,462564
Dan Uggla,DH,1,462564
Dane De La Rosa,RP,75,451773
Daniel Bard,RP,2,453268
Daniel Descalso,SS,55,518614
Daniel Descalso,2B,39,518614
Daniel Descalso,3B,38,518614
Daniel Murphy,2B,150,502517
Daniel Murphy,1B,7,502517
Daniel Nava,OF,120,537953
Daniel Nava,RF,69,537953
Daniel Nava,LF,63,537953
Daniel Nava,1B,19,537953
Daniel Nava,DH,5,537953
Daniel Nava,CF,1,537953
Daniel Stange,RP,3,458094
Daniel Webb,RP,9,543900
Danny Duffy,SP,5,518633
Danny Espinosa,2B,43,457787
Danny Espinosa,SS,1,457787
Danny Farquhar,RP,46,543144
Danny Salazar,SP,10,517593
Danny Valencia,DH,42,502143
Danny Valencia,3B,6,502143
Danny Worth,3B,2,519445
Danny Worth,DH,1,519445
Daric Barton,1B,36,435558
Darin Downs,RP,29,445153
Darin Mastroianni,OF,28,518991
Darin Mastroianni,LF,19,518991
Darin Mastroianni,RF,9,518991
Darin Mastroianni,CF,3,518991
Darin Mastroianni,2B,1,518991
Darin Ruf,OF,47,573131
Darin Ruf,1B,36,573131
Darin Ruf,RF,29,573131
Darin Ruf,LF,20,573131
Darnell McDonald,OF,15,150021
Darnell McDonald,RF,8,150021
Darnell McDonald,LF,7,150021
Darren O'Day,RP,68,503285
Darren Oliver,RP,50,119984
Darwin Barney,2B,141,446381
Dave Bush,RP,1,433657
Dave Sappelt,OF,21,543743
Dave Sappelt,CF,13,543743
Dave Sappelt,RF,7,543743
Dave Sappelt,LF,2,543743
David Aardsma,RP,43,430911
David Adams,3B,31,458691
David Adams,2B,9,458691
David Adams,1B,4,458691
David Carpenter,RP,56,502304
David DeJesus,OF,112,430203
David DeJesus,CF,81,430203
David DeJesus,LF,30,430203
David DeJesus,RF,6,430203
David Freese,3B,132,501896
David Freese,DH,2,501896
David Hale,SP,2,571735
David Hernandez,RP,62,575169
David Holmberg,SP,1,571787
David Huff,RP,12,453307
David Huff,SP,2,453307
David Lough,OF,89,518953
David Lough,RF,74,518953
David Lough,LF,15,518953
David Lough,CF,7,518953
David Martinez,RP,4,451075
David Murphy,OF,129,461815
David Murphy,LF,128,461815
David Murphy,DH,11,461815
David Murphy,RF,1,461815
David Ortiz,DH,129,120074
David Ortiz,1B,6,120074
David Phelps,SP,12,475479
David Phelps,RP,10,475479
David Price,SP,27,456034
David Purcey,RP,24,453515
David Robertson,RP,70,502085
David Ross,Catcher,36,424325
David Wright,3B,111,431151
Dayan Viciedo,LF,109,493364
Dayan Viciedo,OF,109,493364
Dayan Viciedo,DH,14,493364
Dee Gordon,SS,27,543829
Dee Gordon,2B,3,543829
Dellin Betances,RP,6,476454
Delmon Young,OF,65,430321
Delmon Young,RF,65,430321
Delmon Young,DH,28,430321
Denard Span,CF,153,452655
Denard Span,OF,153,452655
Derek Dietrich,2B,57,518618
Derek Holland,SP,33,502706
Derek Jeter,SS,13,116539
Derek Jeter,DH,4,116539
Derek Lowe,RP,9,117955
Derek Norris,Catcher,91,519083
Derek Norris,DH,2,519083
Derek Norris,1B,1,519083
Derrick Robinson,OF,73,501961
Derrick Robinson,LF,60,501961
Derrick Robinson,CF,15,501961
Derrick Robinson,RF,2,501961
Desmond Jennings,CF,136,457775
Desmond Jennings,OF,136,457775
Desmond Jennings,DH,1,457775
Deunte Heath,RP,5,445177
Devin Mesoraco,Catcher,97,519023
Devin Mesoraco,DH,1,519023
Dewayne Wise,OF,26,276547
Dewayne Wise,CF,22,276547
Dewayne Wise,LF,4,276547
Dewayne Wise,DH,1,276547
Dewayne Wise,RF,1,276547
Dexter Fowler,CF,110,451594
Dexter Fowler,OF,110,451594
Didi Gregorius,SS,100,544369
Dillon Gee,SP,32,518716
Dioner Navarro,Catcher,55,425900
Dioner Navarro,DH,4,425900
DJ LeMahieu,2B,90,518934
DJ LeMahieu,3B,14,518934
DJ LeMahieu,SS,1,518934
DJ LeMahieu,1B,1,518934
Domonic Brown,OF,133,502126
Domonic Brown,LF,132,502126
Domonic Brown,RF,2,502126
Don Kelly,OF,78,430603
Don Kelly,LF,38,430603
Don Kelly,CF,25,430603
Don Kelly,3B,22,430603
Don Kelly,RF,22,430603
Don Kelly,DH,7,430603
Don Kelly,1B,4,430603
Don Kelly,2B,3,430603
Donald Lutz,OF,18,544371
Donald Lutz,LF,17,544371
Donald Lutz,RF,1,544371
Donnie Joseph,RP,6,548348
Donnie Murphy,3B,40,430906
Donnie Murphy,SS,3,430906
Donnie Murphy,2B,2,430906
Donnie Veal,RP,50,453264
Donovan Hand,RP,24,518764
Donovan Hand,SP,7,518764
Donovan Solano,2B,93,456781
Donovan Solano,3B,2,456781
Doug Bernier,SS,20,448674
Doug Bernier,3B,7,448674
Doug Bernier,2B,4,448674
Doug Bernier,DH,2,448674
Doug Fister,SP,32,450729
Doug Fister,RP,1,450729
Drake Britton,RP,18,518493
Drake Britton,DH,1,518493
Drew Butera,Catcher,4,460077
Drew Butera,1B,2,460077
Drew Pomeranz,RP,4,519141
Drew Pomeranz,SP,4,519141
Drew Smyly,RP,63,592767
Drew Storen,RP,68,519322
Drew Stubbs,OF,142,453211
Drew Stubbs,RF,105,453211
Drew Stubbs,CF,43,453211
Drew Stubbs,DH,1,453211
Duane Below,RP,2,502102
Duke Welker,RP,2,444992
Dustin Ackley,OF,59,554429
Dustin Ackley,2B,53,554429
Dustin Ackley,CF,50,554429
Dustin Ackley,LF,11,554429
Dustin Ackley,1B,6,554429
Dustin Ackley,DH,1,554429
Dustin McGowan,RP,25,430661
Dustin Pedroia,2B,160,456030
Dylan Axelrod,SP,20,518420
Dylan Axelrod,RP,10,518420
Ed Lucas,3B,61,448296
Ed Lucas,1B,25,448296
Ed Lucas,2B,20,448296
Ed Lucas,SS,6,448296
Ed Lucas,LF,1,448296
Ed Lucas,OF,1,448296
Edgar Gonzalez,RP,8,452989
Edgar Olmos,RP,5,543607
Edgmer Escalona,RP,37,467850
Edinson Volquez,SP,32,450172
Edinson Volquez,RP,1,450172
Eduardo Escobar,SS,38,500871
Eduardo Escobar,3B,23,500871
Eduardo Escobar,2B,7,500871
Eduardo Escobar,DH,1,500871
Eduardo Escobar,LF,1,500871
Eduardo Escobar,OF,1,500871
Eduardo Nunez,SS,75,456488
Eduardo Nunez,3B,14,456488
Eduardo Nunez,2B,2,456488
Eduardo Nunez,DH,1,456488
Eduardo Sanchez,RP,4,500674
Edward Mujica,RP,65,465629
Edwin Encarnacion,1B,79,429665
Edwin Encarnacion,DH,55,429665
Edwin Encarnacion,3B,10,429665
Edwin Jackson,SP,31,429719
Efren Navarro,1B,2,519068
Ehire Adrianza,SS,6,501303
Elian Herrera,LF,2,467070
Elian Herrera,OF,2,467070
Elliot Johnson,2B,74,471107
Elliot Johnson,OF,11,471107
Elliot Johnson,SS,10,471107
Elliot Johnson,3B,8,471107
Elliot Johnson,LF,8,471107
Elliot Johnson,DH,5,471107
Elliot Johnson,RF,3,471107
Elvis Andrus,SS,146,462101
Elvis Andrus,DH,10,462101
Emilio Bonifacio,2B,90,466988
Emilio Bonifacio,OF,38,466988
Emilio Bonifacio,LF,20,466988
Emilio Bonifacio,CF,15,466988
Emilio Bonifacio,3B,6,466988
Emilio Bonifacio,RF,5,466988
Emilio Bonifacio,SS,1,466988
Emilio Bonifacio,DH,1,466988
Endy Chavez,OF,82,346795
Endy Chavez,RF,50,346795
Endy Chavez,CF,24,346795
Endy Chavez,LF,16,346795
Endy Chavez,DH,3,346795
Engel Beltre,OF,16,520976
Engel Beltre,RF,6,520976
Engel Beltre,LF,5,520976
Engel Beltre,CF,5,520976
Engel Beltre,DH,3,520976
Enny Romero,SP,1,544836
Erasmo Ramirez,SP,13,541640
Erasmo Ramirez,RP,1,541640
Eric Chavez,3B,53,136767
Eric Chavez,1B,6,136767
Eric Chavez,DH,5,136767
Eric Fryer,Catcher,5,518700
Eric Fryer,DH,1,518700
Eric Hinske,1B,6,400134
Eric Hinske,DH,1,400134
Eric Hosmer,1B,158,543333
Eric Hosmer,DH,1,543333
Eric Hosmer,OF,1,543333
Eric Hosmer,RF,1,543333
Eric O'Flaherty,RP,19,447714
Eric Sogard,2B,113,519299
Eric Sogard,SS,15,519299
Eric Sogard,DH,1,519299
Eric Stults,SP,33,445590
Eric Surkamp,SP,1,474668
Eric Young,OF,126,458913
Eric Young,LF,95,458913
Eric Young,RF,20,458913
Eric Young,CF,18,458913
Eric Young,2B,4,458913
Eric Young,DH,1,458913
Erick Aybar,SS,138,430947
Erik Bedard,SP,26,407853
Erik Bedard,RP,6,407853
Erik Davis,RP,10,458530
Erik Johnson,SP,5,605304
Erik Kratz,Catcher,60,456124
Ernesto Frieri,RP,67,457117
Ervin Santana,SP,32,429722
Esmil Rogers,RP,24,469134
Esmil Rogers,SP,20,469134
Esmil Rogers,DH,1,469134
Ethan Martin,SP,8,543495
Ethan Martin,RP,7,543495
Eury De La Rosa,RP,19,545001
Eury Perez,OF,7,516811
Eury Perez,CF,4,516811
Eury Perez,LF,3,516811
Eury Perez,RF,1,516811
Evan Gattis,LF,48,594828
Evan Gattis,OF,48,594828
Evan Gattis,Catcher,42,594828
Evan Gattis,1B,4,594828
Evan Gattis,DH,2,594828
Evan Longoria,3B,147,446334
Evan Longoria,DH,14,446334
Evan Reed,RP,16,519175
Evan Scribner,RP,18,519267
Everett Teaford,RP,1,501870
Everth Cabrera,SS,95,465784
Ezequiel Carrera,OF,8,485567
Ezequiel Carrera,RF,6,485567
Ezequiel Carrera,CF,1,485567
Ezequiel Carrera,LF,1,485567
Felix Doubront,SP,27,467094
Felix Doubront,RP,2,467094
Felix Hernandez,SP,31,433587
Felix Pie,OF,19,429712
Felix Pie,LF,13,429712
Felix Pie,CF,5,429712
Felix Pie,RF,1,429712
Fernando Abad,RP,39,472551
Fernando Martinez,OF,10,602971
Fernando Martinez,LF,8,602971
Fernando Martinez,RF,2,602971
Fernando Martinez,DH,1,602971
Fernando Rodney,RP,68,407845
Fernando Salas,RP,27,477569
Francisco Cervelli,Catcher,17,465041
Francisco Cervelli,2B,1,465041
Francisco Liriano,SP,26,434538
Francisco Peguero,LF,13,501317
Francisco Peguero,OF,13,501317
Francisco Peguero,RF,2,501317
Francisco Rodriguez,RP,48,477557
Francisley Bueno,RP,7,499107
Frank Francisco,RP,8,407911
Franklin Gutierrez,OF,38,429711
Franklin Gutierrez,RF,21,429711
Franklin Gutierrez,CF,17,429711
Franklin Morales,RP,19,462985
Franklin Morales,SP,1,462985
Freddie Freeman,1B,147,518692
Freddy Galvis,2B,23,520471
Freddy Galvis,3B,16,520471
Freddy Galvis,SS,11,520471
Freddy Galvis,LF,10,520471
Freddy Galvis,OF,10,520471
Freddy Garcia,SP,13,150119
Freddy Garcia,RP,4,150119
Freddy Guzman,DH,1,430686
Gaby Sanchez,1B,113,459991
Gaby Sanchez,3B,1,459991
Garrett Jones,1B,83,434540
Garrett Jones,OF,32,434540
Garrett Jones,RF,32,434540
Garrett Jones,DH,6,434540
Garrett Richards,RP,30,572070
Garrett Richards,SP,17,572070
Gavin Floyd,SP,5,425856
George Kontos,RP,52,502004
George Kottaras,Catcher,39,435459
Geovany Soto,Catcher,53,434567
Geovany Soto,3B,1,434567
Gerald Laird,Catcher,40,408042
Gerardo Parra,OF,155,467827
Gerardo Parra,RF,123,467827
Gerardo Parra,CF,33,467827
Gerardo Parra,LF,6,467827
Gerrit Cole,SP,19,543037
Giancarlo Stanton,OF,116,519317
Giancarlo Stanton,RF,116,519317
Gil Velazquez,3B,1,444041
Gio Gonzalez,SP,32,461829
Glen Perkins,RP,61,450282
Gonzalez Germen,RP,29,542674
Gordon Beckham,2B,103,493596
Gordon Beckham,SS,2,493596
Grant Balfour,RP,65,346797
Grant Green,2B,45,502205
Greg Burke,RP,32,457566
Greg Dobbs,1B,51,425785
Greg Dobbs,DH,4,425785
Greg Dobbs,OF,1,425785
Greg Dobbs,RF,1,425785
Greg Holland,RP,68,518813
Greg Reynolds,SP,5,453353
Greg Reynolds,RP,1,453353
Gregor Blanco,OF,136,453923
Gregor Blanco,CF,76,453923
Gregor Blanco,LF,72,453923
Gregor Blanco,RF,1,453923
Guillermo Moscoso,RP,11,446861
Guillermo Moscoso,SP,2,446861
Guillermo Quiroz,Catcher,35,425565
Hank Conger,Catcher,71,474233
Hank Conger,DH,5,474233
Hanley Ramirez,SS,76,434670
Hanley Ramirez,DH,2,434670
Heath Bell,RP,69,425514
Heath Hembree,RP,9,592390
Hector Ambriz,RP,43,459932
Hector Gimenez,Catcher,23,430591
Hector Noesi,RP,11,456051
Hector Noesi,SP,1,456051
Hector Rondon,RP,45,444468
Hector Sanchez,Catcher,33,516949
Hector Sanchez,DH,1,516949
Hector Santiago,SP,23,502327
Hector Santiago,RP,11,502327
Henderson Alvarez,SP,17,506693
Henry Blanco,Catcher,47,111072
Henry Rodriguez,RP,22,469159
Henry Rodriguez,2B,3,469159
Henry Urrutia,DH,14,625329
Henry Urrutia,LF,2,625329
Henry Urrutia,OF,2,625329
Hernan Perez,2B,25,541650
Hernan Perez,DH,4,541650
Hernan Perez,SS,2,541650
Hernan Perez,3B,2,541650
Hideki Okajima,RP,5,506606
Hiram Burgos,SP,6,572744
Hiroki Kuroda,SP,32,493133
Hisanori Takahashi,RP,3,538227
Hisashi Iwakuma,SP,33,547874
Homer Bailey,SP,32,456701
Howie Kendrick,2B,118,435062
Howie Kendrick,DH,4,435062
Howie Kendrick,LF,1,435062
Howie Kendrick,OF,1,435062
Humberto Quintero,Catcher,42,279827
Hunter Pence,OF,162,452254
Hunter Pence,RF,162,452254
Huston Street,RP,58,434718
Hyun-jin Ryu,SP,30,155728
Ian Desmond,SS,158,435622
Ian Kennedy,SP,31,453178
Ian Kinsler,2B,124,435079
Ian Kinsler,DH,11,435079
Ian Krol,RP,32,571871
Ichiro Suzuki,OF,138,400085
Ichiro Suzuki,RF,128,400085
Ichiro Suzuki,CF,13,400085
Ichiro Suzuki,LF,9,400085
Ichiro Suzuki,DH,3,400085
Ike Davis,1B,96,477195
Irving Falu,3B,1,458252
Ivan Nova,SP,20,467100
Ivan Nova,RP,3,467100
J.A. Happ,SP,18,457918
J.B. Shuck,OF,103,543776
J.B. Shuck,LF,97,543776
J.B. Shuck,DH,16,543776
J.B. Shuck,RF,9,543776
J.C. Boscan,Catcher,4,400268
J.C. Gutierrez,RP,53,434641
J.C. Ramirez,RP,18,500724
J.D. Martinez,OF,70,502110
J.D. Martinez,LF,50,502110
J.D. Martinez,RF,25,502110
J.D. Martinez,DH,12,502110
J.J. Hardy,SS,159,429666
J.J. Hoover,RP,69,543331
J.J. Putz,RP,40,407816
J.P. Arencibia,Catcher,131,450317
J.P. Arencibia,DH,3,450317
J.P. Howell,RP,67,434442
J.R. Murphy,Catcher,15,571974
Jack Hannahan,3B,37,435219
Jack Hannahan,1B,10,435219
Jack Hannahan,2B,1,435219
Jack Hannahan,DH,1,435219
Jackie Bradley,OF,34,598265
Jackie Bradley,CF,19,598265
Jackie Bradley,LF,14,598265
Jackie Bradley,RF,2,598265
Jacob Turner,SP,20,545363
Jacoby Ellsbury,CF,134,453056
Jacoby Ellsbury,OF,134,453056
Jaff Decker,LF,8,543094
Jaff Decker,OF,8,543094
Jaime Garcia,SP,9,448802
Jair Jurrjens,RP,1,457453
Jair Jurrjens,SP,1,457453
Jairo Asencio,RP,4,446003
Jake Arrieta,SP,14,453562
Jake Diekman,RP,45,518617
Jake Dunning,RP,29,572827
Jake Elmore,SS,20,518653
Jake Elmore,OF,12,518653
Jake Elmore,2B,12,518653
Jake Elmore,LF,9,518653
Jake Elmore,DH,6,518653
Jake Elmore,CF,2,518653
Jake Elmore,3B,1,518653
Jake Elmore,Catcher,1,518653
Jake Elmore,1B,1,518653
Jake Elmore,RF,1,518653
Jake Marisnick,CF,32,545350
Jake Marisnick,OF,32,545350
Jake McGee,RP,71,459429
Jake Odorizzi,SP,4,543606
Jake Odorizzi,RP,3,543606
Jake Peavy,SP,23,408241
Jake Petricka,RP,16,502593
Jake Westbrook,SP,19,150414
Jake Westbrook,RP,2,150414
James Loney,1B,154,425766
James Loney,DH,1,425766
James McDonald,SP,6,457428
James Paxton,SP,4,572020
James Russell,RP,74,460701
James Shields,SP,34,448306
Jamey Carroll,3B,47,425206
Jamey Carroll,2B,18,425206
Jamey Carroll,SS,3,425206
Jamey Carroll,DH,1,425206
Jamey Wright,RP,65,124604
Jamey Wright,SP,1,124604
Jared Burton,RP,71,454537
Jared Hughes,RP,29,453172
Jarred Cosart,SP,10,543054
Jarrod Dyson,CF,73,502481
Jarrod Dyson,OF,73,502481
Jarrod Dyson,DH,10,502481
Jarrod Parker,SP,32,519105
Jarrod Saltalamacchia,Catcher,119,457454
Jarrod Saltalamacchia,DH,1,457454
Jason Bay,OF,61,424726
Jason Bay,LF,38,424726
Jason Bay,RF,25,424726
Jason Bay,DH,3,424726
Jason Bay,CF,1,424726
Jason Bourgeois,OF,7,430652
Jason Bourgeois,LF,6,430652
Jason Bourgeois,DH,2,430652
Jason Bourgeois,RF,1,430652
Jason Castro,Catcher,98,488771
Jason Castro,DH,19,488771
Jason Frasor,RP,61,430630
Jason Giambi,DH,58,114739
Jason Grilli,RP,54,276351
Jason Hammel,SP,23,434628
Jason Hammel,RP,3,434628
Jason Heyward,OF,103,518792
Jason Heyward,RF,87,518792
Jason Heyward,CF,20,518792
Jason Kipnis,2B,147,543401
Jason Kipnis,DH,1,543401
Jason Kubel,OF,63,430585
Jason Kubel,LF,56,430585
Jason Kubel,RF,8,430585
Jason Kubel,DH,5,430585
Jason Marquis,SP,20,150302
Jason Pridie,OF,4,445095
Jason Pridie,CF,2,445095
Jason Pridie,LF,2,445095
Jason Vargas,SP,24,450306
Javier Lopez,RP,69,425657
Javy Guerra,RP,9,457915
Jay Bruce,OF,160,457803
Jay Bruce,RF,160,457803
Jayson Nix,SS,48,434624
Jayson Nix,3B,41,434624
Jayson Nix,2B,4,434624
Jayson Werth,OF,126,150029
Jayson Werth,RF,126,150029
Jayson Werth,DH,2,150029
Jean Machi,RP,51,466948
Jean Segura,SS,144,516416
Jeanmar Gomez,RP,26,491646
Jeanmar Gomez,SP,8,491646
Jed Lowrie,SS,119,476704
Jed Lowrie,2B,24,476704
Jed Lowrie,DH,13,476704
Jedd Gyorko,2B,117,576397
Jedd Gyorko,3B,13,576397
Jeff Baker,OF,22,425557
Jeff Baker,1B,21,425557
Jeff Baker,LF,21,425557
Jeff Baker,DH,12,425557
Jeff Baker,3B,10,425557
Jeff Baker,2B,1,425557
Jeff Baker,RF,1,425557
Jeff Beliveau,RP,1,542924
Jeff Bianchi,3B,42,488703
Jeff Bianchi,SS,20,488703
Jeff Bianchi,2B,19,488703
Jeff Bianchi,LF,3,488703
Jeff Bianchi,OF,3,488703
Jeff Francis,SP,12,433585
Jeff Francis,RP,11,433585
Jeff Francoeur,OF,72,425796
Jeff Francoeur,RF,55,425796
Jeff Francoeur,LF,16,425796
Jeff Francoeur,DH,3,425796
Jeff Francoeur,CF,2,425796
Jeff Keppinger,2B,45,433898
Jeff Keppinger,3B,41,433898
Jeff Keppinger,1B,20,433898
Jeff Keppinger,DH,16,433898
Jeff Kobernus,OF,10,571862
Jeff Kobernus,LF,6,571862
Jeff Kobernus,CF,3,571862
Jeff Kobernus,RF,2,571862
Jeff Locke,SP,30,502046
Jeff Manship,RP,7,453249
Jeff Manship,SP,4,453249
Jeff Mathis,Catcher,73,425772
Jeff Samardzija,SP,33,502188
Jemile Weeks,2B,4,457789
Jemile Weeks,CF,2,457789
Jemile Weeks,DH,2,457789
Jemile Weeks,OF,2,457789
Jenrry Mejia,SP,5,516769
Jered Weaver,SP,24,450308
Jeremy Affeldt,RP,39,346793
Jeremy Bonderman,RP,11,425827
Jeremy Bonderman,SP,7,425827
Jeremy Guthrie,SP,33,425386
Jeremy Hefner,SP,23,458550
Jeremy Hefner,RP,1,458550
Jeremy Hellickson,SP,31,476451
Jeremy Hellickson,RP,1,476451
Jeremy Horst,RP,28,456662
Jeremy Jeffress,RP,10,502026
Jermaine Curtis,LF,1,543079
Jermaine Curtis,OF,1,543079
Jerome Williams,SP,25,425532
Jerome Williams,RP,12,425532
Jerry Blevins,RP,67,460283
Jerry Hairston,3B,28,150020
Jerry Hairston,OF,27,150020
Jerry Hairston,LF,23,150020
Jerry Hairston,1B,13,150020
Jerry Hairston,RF,4,150020
Jerry Hairston,2B,1,150020
Jesse Chavez,RP,35,445926
Jesse Crain,RP,38,430884
Jesus Guzman,OF,40,461882
Jesus Guzman,1B,38,461882
Jesus Guzman,LF,35,461882
Jesus Guzman,RF,5,461882
Jesus Guzman,3B,3,461882
Jesus Guzman,2B,1,461882
Jesus Montero,Catcher,26,524968
Jesus Montero,DH,1,524968
Jesus Sucre,Catcher,8,491696
Jeurys Familia,RP,9,544727
Jhonatan Solano,Catcher,19,500207
Jhonny Peralta,SS,106,425509
Jhonny Peralta,LF,3,425509
Jhonny Peralta,OF,3,425509
Jhoulys Chacin,SP,31,468504
Jim Adduci,LF,8,451192
Jim Adduci,OF,8,451192
Jim Adduci,1B,4,451192
Jim Adduci,DH,4,451192
Jim Henderson,RP,61,449104
Jim Johnson,RP,74,462382
Jim Miller,RP,1,461848
Jimmy Nelson,RP,3,519076
Jimmy Nelson,SP,1,519076
Jimmy Paredes,OF,39,517370
Jimmy Paredes,RF,39,517370
Jimmy Paredes,2B,3,517370
Jimmy Paredes,3B,1,517370
Jimmy Rollins,SS,153,276519
Joakim Soria,RP,26,465657
Joaquin Arias,3B,55,435078
Joaquin Arias,SS,24,435078
Joaquin Arias,2B,13,435078
Joaquin Arias,1B,6,435078
Joaquin Benoit,RP,66,276542
Joba Chamberlain,RP,45,501955
Joe Blanton,SP,20,430599
Joe Blanton,RP,8,430599
Joe Kelly,RP,22,523260
Joe Kelly,SP,15,523260
Joe Mahoney,1B,7,518977
Joe Martinez,RP,2,458155
Joe Mauer,Catcher,75,408045
Joe Mauer,DH,29,408045
Joe Mauer,1B,8,408045
Joe Nathan,RP,67,150274
Joe Ortiz,RP,32,517451
Joe Paterson,RP,2,519110
Joe Saunders,SP,32,434578
Joe Savery,RP,18,456045
Joe Smith,RP,70,501925
Joe Thatcher,RP,72,491159
Joel Hanrahan,RP,9,430629
Joel Peralta,RP,80,407908
Joey Butler,OF,5,542994
Joey Butler,LF,3,542994
Joey Butler,RF,2,542994
Joey Butler,DH,2,542994
Joey Terdoslavich,OF,16,519345
Joey Terdoslavich,LF,13,519345
Joey Terdoslavich,1B,6,519345
Joey Terdoslavich,RF,4,519345
Joey Votto,1B,161,458015
John Axford,RP,75,446099
John Baker,Catcher,14,434633
John Buck,Catcher,104,407833
John Buck,DH,1,407833
John Danks,SP,22,433579
John Gast,SP,3,518713
John Hester,Catcher,1,452105
John Hester,DH,1,452105
John Jaso,Catcher,48,444379
John Jaso,DH,17,444379
John Jaso,1B,1,444379
John Lackey,SP,29,407793
John Lannan,SP,14,458709
John Maine,RP,4,429720
John Mayberry,OF,118,460055
John Mayberry,RF,79,460055
John Mayberry,CF,46,460055
John Mayberry,LF,9,460055
John Mayberry,1B,7,460055
John McDonald,SS,19,150348
John McDonald,3B,16,150348
John McDonald,2B,11,150348
John McDonald,LF,1,150348
John McDonald,OF,1,150348
Johnny Cueto,SP,11,456501
Johnny Giavotella,2B,13,543213
Johnny Giavotella,DH,1,543213
Johnny Hellweg,SP,7,518782
Johnny Hellweg,RP,1,518782
Johnny Monell,Catcher,1,476192
Johnny Monell,DH,1,476192
Jon Garland,SP,12,279782
Jon Jay,CF,152,445055
Jon Jay,OF,152,445055
Jon Lester,SP,33,452657
Jon Rauch,RP,15,400010
Jonathan Broxton,RP,34,455009
Jonathan Diaz,3B,3,502409
Jonathan Diaz,2B,1,502409
Jonathan Herrera,SS,42,468406
Jonathan Herrera,2B,22,468406
Jonathan Herrera,3B,5,468406
Jonathan Herrera,LF,2,468406
Jonathan Herrera,OF,2,468406
Jonathan Lucroy,Catcher,126,518960
Jonathan Lucroy,1B,14,518960
Jonathan Lucroy,DH,3,518960
Jonathan Papelbon,RP,61,449097
Jonathan Pettibone,SP,18,543643
Jonathan Sanchez,SP,4,456043
Jonathan Sanchez,RP,1,456043
Jonathan Schoop,2B,4,570731
Jonathan Villar,SS,58,542340
Jonathon Niese,SP,24,477003
Jonny Gomes,OF,101,430404
Jonny Gomes,LF,98,430404
Jonny Gomes,DH,10,430404
Jonny Gomes,RF,4,430404
Jordan Brown,DH,1,488741
Jordan Danks,OF,68,458668
Jordan Danks,CF,47,458668
Jordan Danks,RF,20,458668
Jordan Danks,DH,5,458668
Jordan Danks,LF,2,458668
Jordan Lyles,SP,25,543475
Jordan Lyles,RP,2,543475
Jordan Pacheco,1B,43,457574
Jordan Pacheco,Catcher,15,457574
Jordan Pacheco,DH,1,457574
Jordan Pacheco,LF,1,457574
Jordan Pacheco,OF,1,457574
Jordan Schafer,OF,68,457788
Jordan Schafer,CF,30,457788
Jordan Schafer,RF,29,457788
Jordan Schafer,LF,15,457788
Jordan Walden,RP,50,477229
Jordan Zimmermann,SP,32,519455
Jordany Valdespin,OF,25,518170
Jordany Valdespin,CF,16,518170
Jordany Valdespin,2B,12,518170
Jordany Valdespin,RF,8,518170
Jordany Valdespin,LF,5,518170
Jordany Valdespin,SS,1,518170
Jordy Mercer,SS,78,474568
Jordy Mercer,2B,26,474568
Jordy Mercer,3B,1,474568
Jordy Mercer,1B,1,474568
Jorge De La Rosa,SP,30,407822
Jorge De Leon,RP,11,501529
Jose Altuve,2B,145,514888
Jose Altuve,DH,7,514888
Jose Alvarez,RP,8,501625
Jose Alvarez,SP,6,501625
Jose Bautista,OF,109,430832
Jose Bautista,RF,109,430832
Jose Bautista,DH,7,430832
Jose Bautista,3B,3,430832
Jose Bautista,1B,1,430832
Jose Cisnero,RP,28,542585
Jose Constanza,OF,10,468429
Jose Constanza,LF,9,468429
Jose Constanza,CF,2,468429
Jose Contreras,RP,7,425747
Jose De La Torre,RP,7,473265
Jose Dominguez,RP,9,523848
Jose Fernandez,SP,28,595834
Jose Iglesias,SS,71,578428
Jose Iglesias,3B,37,578428
Jose Iglesias,DH,3,578428
Jose Iglesias,2B,3,578428
Jose Lobaton,Catcher,96,446653
Jose Lobaton,DH,1,446653
Jose Mijares,RP,60,467726
Jose Molina,Catcher,96,150040
Jose Molina,DH,1,150040
Jose Ortega,RP,11,514639
Jose Quintana,SP,33,500779
Jose Ramirez,2B,5,570627
Jose Ramirez,3B,2,570627
Jose Ramirez,DH,2,570627
Jose Ramirez,SS,2,570627
Jose Reyes,SS,92,408314
Jose Tabata,OF,89,467798
Jose Tabata,RF,50,467798
Jose Tabata,LF,40,467798
Jose Valverde,RP,20,407878
Jose Veras,RP,67,407842
Josh Beckett,SP,8,277417
Josh Collmenter,RP,49,518567
Josh Donaldson,3B,156,518626
Josh Donaldson,DH,2,518626
Josh Donaldson,SS,1,518626
Josh Donaldson,1B,1,518626
Josh Edgin,RP,34,572831
Josh Fields,RP,41,451661
Josh Hamilton,OF,108,285078
Josh Hamilton,RF,83,285078
Josh Hamilton,DH,37,285078
Josh Hamilton,LF,19,285078
Josh Hamilton,CF,6,285078
Josh Harrison,OF,15,543281
Josh Harrison,RF,14,543281
Josh Harrison,2B,11,543281
Josh Harrison,3B,7,543281
Josh Harrison,SS,4,543281
Josh Harrison,DH,1,543281
Josh Harrison,LF,1,543281
Josh Johnson,SP,16,452305
Josh Lindblom,SP,5,458676
Josh Lindblom,RP,3,458676
Josh Lueke,RP,19,518961
Josh Outman,RP,61,489189
Josh Phegley,Catcher,64,572033
Josh Phegley,2B,1,572033
Josh Prince,OF,3,572389
Josh Prince,LF,2,572389
Josh Prince,RF,1,572389
Josh Prince,3B,1,572389
Josh Prince,DH,1,572389
Josh Reddick,OF,113,502210
Josh Reddick,RF,113,502210
Josh Reddick,DH,1,502210
Josh Roenicke,RP,63,502158
Josh Rutledge,2B,58,592710
Josh Rutledge,SS,14,592710
Josh Satin,1B,33,543744
Josh Satin,3B,17,543744
Josh Satin,DH,2,543744
Josh Stinson,RP,10,502139
Josh Stinson,SP,1,502139
Josh Thole,Catcher,39,489365
Josh Thole,DH,3,489365
Josh Thole,1B,2,489365
Josh Tomlin,RP,1,458708
Josh Wall,RP,6,476205
Josh Willingham,LF,72,425545
Josh Willingham,OF,72,425545
Josh Willingham,DH,35,425545
Josh Wilson,2B,17,425543
Josh Wilson,3B,4,425543
Josh Wilson,SS,2,425543
Josh Zeid,RP,25,473646
Josmil Pinto,Catcher,20,500887
Josmil Pinto,DH,1,500887
Juan Centeno,Catcher,4,518542
Juan Francisco,1B,67,464433
Juan Francisco,3B,34,464433
Juan Francisco,DH,2,464433
Juan Lagares,OF,116,501571
Juan Lagares,CF,108,501571
Juan Lagares,RF,14,501571
Juan Nicasio,SP,31,504379
Juan Perez,OF,32,592634
Juan Perez,CF,20,592634
Juan Perez,RP,19,592634
Juan Perez,LF,11,592634
Juan Perez,RF,1,592634
Juan Pierre,LF,64,334393
Juan Pierre,OF,64,334393
Juan Pierre,DH,1,334393
Juan Uribe,3B,123,346874
Juan Uribe,1B,4,346874
Julio Borbon,OF,29,474865
Julio Borbon,CF,12,474865
Julio Borbon,LF,9,474865
Julio Borbon,RF,8,474865
Julio Borbon,DH,2,474865
Julio Teheran,SP,30,527054
Junichi Tazawa,RP,71,547749
Junior Lake,OF,56,516809
Junior Lake,LF,32,516809
Junior Lake,CF,27,516809
Jurickson Profar,2B,32,595777
Jurickson Profar,DH,20,595777
Jurickson Profar,SS,18,595777
Jurickson Profar,3B,10,595777
Jurickson Profar,LF,4,595777
Jurickson Profar,OF,4,595777
Justin De Fratus,RP,58,518603
Justin Freeman,RP,1,543178
Justin Germano,RP,1,430683
Justin Grimm,SP,17,518748
Justin Grimm,RP,10,518748
Justin Masterson,SP,29,475416
Justin Masterson,RP,3,475416
Justin Maxwell,OF,71,452239
Justin Maxwell,RF,47,452239
Justin Maxwell,CF,27,452239
Justin Maxwell,DH,2,452239
Justin Morneau,1B,137,408047
Justin Morneau,DH,12,408047
Justin Ruggiano,OF,110,448605
Justin Ruggiano,CF,84,448605
Justin Ruggiano,LF,23,448605
Justin Ruggiano,RF,5,448605
Justin Ruggiano,DH,1,448605
Justin Sellers,SS,22,451088
Justin Sellers,3B,1,451088
Justin Smoak,1B,125,475253
Justin Smoak,DH,3,475253
Justin Turner,3B,23,457759
Justin Turner,SS,18,457759
Justin Turner,1B,15,457759
Justin Turner,2B,12,457759
Justin Turner,DH,1,457759
Justin Turner,LF,1,457759
Justin Turner,OF,1,457759
Justin Upton,OF,147,457708
Justin Upton,LF,109,457708
Justin Upton,RF,54,457708
Justin Upton,DH,2,457708
Justin Verlander,SP,34,434378
Justin Wilson,RP,58,458677
Kameron Loe,RP,19,434180
Kameron Loe,SP,1,434180
Keith Butler,RP,16,572751
Kelly Johnson,LF,53,430637
Kelly Johnson,OF,53,430637
Kelly Johnson,2B,22,430637
Kelly Johnson,DH,18,430637
Kelly Johnson,3B,16,430637
Kelly Johnson,1B,3,430637
Kelly Shoppach,Catcher,36,431159
Kelvin Herrera,RP,59,516969
Kendrys Morales,DH,122,434778
Kendrys Morales,1B,31,434778
Kenley Jansen,RP,75,445276
Kensuke Tanaka,LF,9,547887
Kensuke Tanaka,OF,9,547887
Kevin Chapman,RP,25,502087
Kevin Correia,SP,31,429781
Kevin Frandsen,1B,40,435623
Kevin Frandsen,2B,20,435623
Kevin Frandsen,3B,4,435623
Kevin Gausman,RP,15,592332
Kevin Gausman,SP,5,592332
Kevin Gregg,RP,62,276514
Kevin Jepsen,RP,45,448178
Kevin Kiermaier,CF,1,595281
Kevin Kiermaier,OF,1,595281
Kevin Pillar,OF,34,607680
Kevin Pillar,LF,33,607680
Kevin Pillar,RF,1,607680
Kevin Pillar,DH,1,607680
Kevin Siegrist,RP,45,543779
Kevin Slowey,SP,14,458713
Kevin Slowey,RP,6,458713
Kevin Youkilis,3B,22,425903
Kevin Youkilis,1B,6,425903
Kevin Youkilis,DH,2,425903
Khris Davis,LF,34,501981
Khris Davis,OF,34,501981
Khris Davis,DH,2,501981
Kirk Nieuwenhuis,OF,33,543590
Kirk Nieuwenhuis,CF,25,543590
Kirk Nieuwenhuis,LF,9,543590
Kirk Nieuwenhuis,RF,2,543590
Koji Uehara,RP,73,493157
Kole Calhoun,OF,54,594777
Kole Calhoun,RF,54,594777
Kole Calhoun,1B,6,594777
Kolten Wong,2B,18,543939
Koyie Hill,Catcher,18,425542
Kris Johnson,RP,3,453241
Kris Johnson,SP,1,453241
Kris Medlen,SP,31,450665
Kris Medlen,RP,1,450665
Kurt Suzuki,Catcher,93,435559
Kyle Blanks,OF,61,452035
Kyle Blanks,RF,37,452035
Kyle Blanks,LF,35,452035
Kyle Blanks,1B,34,452035
Kyle Blanks,DH,2,452035
Kyle Drabek,RP,3,475138
Kyle Farnsworth,RP,48,150035
Kyle Gibson,SP,10,502043
Kyle Kendrick,SP,30,452718
Kyle Lohse,SP,32,346798
Kyle McClellan,RP,7,449072
Kyle Seager,3B,160,572122
Kyle Skipworth,Catcher,1,543788
Kyuji Fujikawa,RP,12,493117
L.J. Hoes,OF,46,543321
L.J. Hoes,RF,44,543321
L.J. Hoes,LF,3,543321
L.J. Hoes,CF,2,543321
L.J. Hoes,DH,1,543321
Lance Berkman,DH,65,204020
Lance Berkman,1B,4,204020
Lance Lynn,SP,33,458681
LaTroy Hawkins,RP,72,115629
Laynce Nix,OF,27,425556
Laynce Nix,RF,25,425556
Laynce Nix,1B,8,425556
Laynce Nix,LF,2,425556
Laynce Nix,CF,1,425556
Leonys Martin,OF,142,547982
Leonys Martin,CF,127,547982
Leonys Martin,RF,21,547982
Leonys Martin,LF,6,547982
Leonys Martin,DH,1,547982
Leury Garcia,2B,21,544725
Leury Garcia,SS,7,544725
Leury Garcia,3B,6,544725
Leury Garcia,CF,6,544725
Leury Garcia,OF,6,544725
Leury Garcia,DH,3,544725
Liam Hendriks,SP,8,521230
Liam Hendriks,RP,2,521230
Logan Forsythe,2B,34,523253
Logan Forsythe,OF,13,523253
Logan Forsythe,3B,11,523253
Logan Forsythe,LF,11,523253
Logan Forsythe,SS,11,523253
Logan Forsythe,RF,3,523253
Logan Kensing,RP,1,434137
Logan Morrison,1B,79,489149
Logan Morrison,DH,1,489149
Logan Ondrusek,RP,52,446185
Logan Schafer,OF,91,502582
Logan Schafer,LF,56,502582
Logan Schafer,CF,28,502582
Logan Schafer,RF,13,502582
Logan Watkins,2B,9,543894
Lonnie Chisenhall,3B,88,502082
Lonnie Chisenhall,DH,2,502082
Lorenzo Cain,OF,113,456715
Lorenzo Cain,CF,92,456715
Lorenzo Cain,RF,32,456715
Lorenzo Cain,DH,1,456715
Lou Marson,Catcher,3,453974
Louis Coleman,RP,27,488786
Lucas Duda,LF,58,446263
Lucas Duda,OF,58,446263
Lucas Duda,1B,34,446263
Lucas Duda,DH,2,446263
Lucas Harrell,SP,22,449173
Lucas Harrell,RP,14,449173
Lucas Luetge,RP,35,476595
Luis Avilan,RP,75,501593
Luis Ayala,RP,39,425646
Luis Cruz,3B,41,606133
Luis Cruz,SS,20,606133
Luis Cruz,LF,1,606133
Luis Cruz,OF,1,606133
Luis Cruz,1B,1,606133
Luis Garcia,RP,24,472610
Luis Jimenez,3B,29,588171
Luis Jimenez,DH,2,588171
Luis Jimenez,1B,2,588171
Luis Jimenez,SS,1,588171
Luis Mendoza,SP,15,434669
Luis Mendoza,RP,7,434669
Luis Perez,RP,6,469802
Luis Valbuena,3B,94,472528
Luis Valbuena,2B,6,472528
Luis Valbuena,DH,1,472528
Luis Valbuena,LF,1,472528
Luis Valbuena,OF,1,472528
Luke Gregerson,RP,73,502381
Luke Hochevar,RP,58,460024
Luke Montz,DH,11,452215
Luke Montz,1B,1,452215
Luke Putkonen,RP,30,446367
Luke Scott,DH,63,432928
Luke Scott,LF,6,432928
Luke Scott,OF,6,432928
Luke Scott,1B,5,432928
Lyle Overbay,1B,130,407489
Lyle Overbay,OF,4,407489
Lyle Overbay,RF,4,407489
Lyle Overbay,DH,2,407489
Madison Bumgarner,SP,31,518516
Maicer Izturis,2B,59,430895
Maicer Izturis,3B,36,430895
Maicer Izturis,SS,28,430895
Maikel Cleto,RP,1,521055
Manny Corpas,RP,31,466918
Manny Machado,3B,156,592518
Manny Parra,RP,57,448159
Marc Krauss,OF,26,571868
Marc Krauss,LF,18,571868
Marc Krauss,DH,15,571868
Marc Krauss,RF,9,571868
Marc Krauss,1B,2,571868
Marc Rzepczynski,RP,38,519240
Marcell Ozuna,OF,69,542303
Marcell Ozuna,RF,36,542303
Marcell Ozuna,CF,33,542303
Marco Estrada,SP,21,462136
Marco Scutaro,2B,121,340192
Marco Scutaro,DH,3,340192
Marcus Semien,3B,17,543760
Marcus Semien,SS,3,543760
Marcus Semien,2B,3,543760
Mariano Rivera,RP,64,121250
Mark Buehrle,SP,33,279824
Mark DeRosa,2B,29,136660
Mark DeRosa,3B,25,136660
Mark DeRosa,1B,17,136660
Mark DeRosa,DH,14,136660
Mark DeRosa,LF,1,136660
Mark DeRosa,OF,1,136660
Mark Ellis,2B,119,407885
Mark Ellis,3B,1,407885
Mark Kotsay,OF,25,117276
Mark Kotsay,LF,19,117276
Mark Kotsay,RF,6,117276
Mark Kotsay,1B,5,117276
Mark Kotsay,DH,3,117276
Mark Lowe,RP,11,450275
Mark Melancon,RP,72,453343
Mark Reynolds,1B,65,448602
Mark Reynolds,3B,54,448602
Mark Reynolds,DH,20,448602
Mark Reynolds,2B,2,448602
Mark Teixeira,1B,14,407893
Mark Teixeira,DH,1,407893
Mark Trumbo,1B,123,444432
Mark Trumbo,OF,27,444432
Mark Trumbo,RF,19,444432
Mark Trumbo,DH,17,444432
Mark Trumbo,LF,8,444432
Mark Trumbo,3B,1,444432
Marlon Byrd,OF,141,407781
Marlon Byrd,RF,138,407781
Marlon Byrd,CF,2,407781
Marlon Byrd,LF,2,407781
Martin Maldonado,Catcher,47,455117
Martin Maldonado,1B,10,455117
Martin Perez,SP,20,527048
Martin Prado,3B,113,445988
Martin Prado,2B,33,445988
Martin Prado,LF,30,445988
Martin Prado,OF,30,445988
Martin Prado,SS,1,445988
Marwin Gonzalez,SS,53,503556
Marwin Gonzalez,2B,10,503556
Marwin Gonzalez,3B,4,503556
Marwin Gonzalez,DH,1,503556
Mat Latos,SP,32,502009
Matt Adams,1B,74,571431
Matt Albers,RP,56,458006
Matt Belisle,RP,72,279571
Matt Cain,SP,30,430912
Matt Carpenter,2B,132,572761
Matt Carpenter,3B,42,572761
Matt Carpenter,OF,2,572761
Matt Carpenter,RF,2,572761
Matt Carpenter,1B,2,572761
Matt Carson,OF,18,454998
Matt Carson,RF,14,454998
Matt Carson,LF,4,454998
Matt Carson,DH,1,454998
Matt Daley,RP,7,457935
Matt Davidson,3B,20,571602
Matt den Dekker,OF,24,544925
Matt den Dekker,CF,16,544925
Matt den Dekker,RF,7,544925
Matt den Dekker,LF,1,544925
Matt Diaz,LF,4,429841
Matt Diaz,OF,4,429841
Matt Dominguez,3B,149,518625
Matt Dominguez,DH,1,518625
Matt Garza,SP,24,490063
Matt Guerrier,RP,49,407825
Matt Harrison,SP,2,457448
Matt Harvey,SP,26,518774
Matt Holliday,LF,136,407812
Matt Holliday,OF,136,407812
Matt Holliday,DH,4,407812
Matt Kemp,CF,70,461314
Matt Kemp,OF,70,461314
Matt Langwell,RP,13,543426
Matt Lindstrom,RP,76,434637
Matt Magill,SP,6,543483
Matt Moore,SP,27,519043
Matt Pagnozzi,Catcher,7,431166
Matt Pagnozzi,DH,2,431166
Matt Reynolds,RP,30,519186
Matt Shoemaker,SP,1,533167
Matt Thornton,RP,60,407819
Matt Tuiasosopo,LF,63,449168
Matt Tuiasosopo,OF,63,449168
Matt Tuiasosopo,1B,13,449168
Matt Tuiasosopo,3B,1,449168
Matt Tuiasosopo,DH,1,449168
Matt Wieters,Catcher,140,446308
Matt Wieters,DH,5,446308
Matthew Joyce,OF,110,459964
Matthew Joyce,RF,58,459964
Matthew Joyce,LF,58,459964
Matthew Joyce,DH,22,459964
Mauricio Robles,RP,3,500909
Max Scherzer,SP,32,453286
Max Stassi,DH,2,545358
Max Stassi,Catcher,1,545358
Melky Cabrera,LF,77,466320
Melky Cabrera,OF,77,466320
Melky Cabrera,DH,9,466320
Melky Mesa,OF,4,444859
Melky Mesa,LF,3,444859
Melky Mesa,CF,1,444859
Melky Mesa,RF,1,444859
Michael Blazek,RP,18,518468
Michael Bourn,CF,128,456422
Michael Bourn,OF,128,456422
Michael Bourn,DH,1,456422
Michael Bowden,RP,34,476601
Michael Brantley,LF,151,488726
Michael Brantley,OF,151,488726
Michael Brantley,CF,1,488726
Michael Choice,OF,7,574831
Michael Choice,RF,4,574831
Michael Choice,CF,2,574831
Michael Choice,DH,2,574831
Michael Choice,LF,2,574831
Michael Cuddyer,OF,118,150212
Michael Cuddyer,RF,118,150212
Michael Cuddyer,1B,15,150212
Michael Cuddyer,DH,1,150212
Michael Kirkman,RP,25,457779
Michael Kohn,RP,63,543409
Michael Martinez,OF,16,492841
Michael Martinez,CF,13,492841
Michael Martinez,SS,3,492841
Michael Martinez,LF,2,492841
Michael Martinez,3B,2,492841
Michael Martinez,RF,1,492841
Michael McKenry,Catcher,31,502374
Michael Roth,RP,14,607706
Michael Roth,SP,1,607706
Michael Saunders,OF,126,459431
Michael Saunders,CF,78,459431
Michael Saunders,RF,34,459431
Michael Saunders,LF,24,459431
Michael Saunders,DH,2,459431
Michael Stutes,RP,16,452741
Michael Taylor,OF,8,446345
Michael Taylor,RF,6,446345
Michael Taylor,LF,5,446345
Michael Tonkin,RP,9,543859
Michael Wacha,SP,9,608379
Michael Wacha,RP,6,608379
Michael Young,3B,107,276545
Michael Young,1B,34,276545
Michael Young,2B,2,276545
Michael Young,SS,1,276545
Mickey Storey,RP,3,493547
Miguel Cabrera,3B,146,408234
Miguel Cabrera,DH,1,408234
Miguel Gonzalez,SP,28,456068
Miguel Gonzalez,Catcher,4,544838
Miguel Gonzalez,RP,2,456068
Miguel Gonzalez,DH,1,544838
Miguel Montero,Catcher,112,471083
Miguel Olivo,Catcher,21,400018
Miguel Olivo,DH,1,400018
Miguel Olivo,1B,1,400018
Miguel Tejada,2B,26,123173
Miguel Tejada,3B,22,123173
Miguel Tejada,DH,1,123173
Miguel Tejada,1B,1,123173
Mike Adams,RP,28,430606
Mike Aviles,3B,56,449107
Mike Aviles,SS,46,449107
Mike Aviles,2B,12,449107
Mike Aviles,DH,5,449107
Mike Aviles,OF,5,449107
Mike Aviles,LF,4,449107
Mike Aviles,RF,1,449107
Mike Baxter,OF,46,488689
Mike Baxter,RF,30,488689
Mike Baxter,LF,17,488689
Mike Belfiore,RP,1,506988
Mike Carp,OF,43,455077
Mike Carp,LF,41,455077
Mike Carp,1B,29,455077
Mike Carp,DH,5,455077
Mike Carp,RF,2,455077
Mike Dunn,RP,75,445197
Mike Fiers,RP,8,571666
Mike Fiers,SP,3,571666
Mike Gonzalez,RP,75,283166
Mike Kickham,RP,9,592464
Mike Kickham,SP,3,592464
Mike Leake,SP,31,502190
Mike Minor,SP,32,501985
Mike Morse,OF,72,434604
Mike Morse,RF,55,434604
Mike Morse,LF,19,434604
Mike Morse,DH,8,434604
Mike Morse,1B,7,434604
Mike Moustakas,3B,134,519058
Mike Napoli,1B,131,435063
Mike Napoli,DH,8,435063
Mike Nickeas,Catcher,1,435081
Mike Pelfrey,SP,29,460059
Mike Trout,OF,148,545361
Mike Trout,CF,111,545361
Mike Trout,LF,47,545361
Mike Trout,DH,9,545361
Mike Zagurski,RP,7,489448
Mike Zunino,Catcher,50,572287
Miles Mikolas,RP,2,571945
Mitch Moreland,1B,146,519048
Mitch Moreland,OF,1,519048
Mitch Moreland,RF,1,519048
Mitchell Boggs,RP,27,459939
Moises Sierra,OF,31,501213
Moises Sierra,RF,29,501213
Moises Sierra,DH,4,501213
Moises Sierra,LF,2,501213
Munenori Kawasaki,SS,60,493128
Munenori Kawasaki,2B,18,493128
Munenori Kawasaki,DH,10,493128
Nate Freiman,1B,59,474384
Nate Freiman,DH,13,474384
Nate Jones,RP,70,518858
Nate Karns,SP,3,501992
Nate McLouth,OF,138,434661
Nate McLouth,LF,136,434661
Nate McLouth,CF,3,434661
Nate McLouth,DH,3,434661
Nate Schierholtz,OF,126,435625
Nate Schierholtz,RF,126,435625
Nathan Eovaldi,SP,18,543135
Neal Cotts,RP,58,425840
Neftali Feliz,RP,6,491703
Neftali Soto,1B,5,519304
Neil Wagner,RP,36,474599
Neil Walker,2B,132,435522
Nelson Cruz,OF,102,443558
Nelson Cruz,RF,102,443558
Nelson Cruz,DH,7,443558
Nick Buss,OF,6,502544
Nick Buss,RF,3,502544
Nick Buss,LF,3,502544
Nick Buss,CF,1,502544
Nick Castellanos,LF,9,592206
Nick Castellanos,OF,9,592206
Nick Castellanos,DH,1,592206
Nick Christiani,RP,3,543023
Nick Franklin,2B,96,545338
Nick Franklin,SS,3,545338
Nick Franklin,DH,2,545338
Nick Green,SS,8,407797
Nick Green,1B,6,407797
Nick Green,2B,2,407797
Nick Green,3B,2,407797
Nick Hagadone,RP,36,444935
Nick Hundley,Catcher,112,460026
Nick Markakis,OF,155,455976
Nick Markakis,RF,155,455976
Nick Markakis,DH,4,455976
Nick Maronde,RP,10,543488
Nick Noonan,2B,22,519082
Nick Noonan,3B,15,519082
Nick Noonan,SS,1,519082
Nick Punto,SS,49,346857
Nick Punto,3B,35,346857
Nick Punto,2B,33,346857
Nick Swisher,1B,112,430897
Nick Swisher,OF,27,430897
Nick Swisher,RF,27,430897
Nick Swisher,DH,17,430897
Nick Tepesch,SP,17,519344
Nick Tepesch,RP,2,519344
Nick Vincent,RP,45,543883
Nolan Arenado,3B,130,571448
Nolan Reimold,DH,28,460099
Nolan Reimold,LF,11,460099
Nolan Reimold,OF,11,460099
Norichika Aoki,OF,149,493114
Norichika Aoki,RF,149,493114
Norichika Aoki,CF,2,493114
Octavio Dotel,RP,6,136734
Oliver Perez,RP,61,424144
Omar Infante,2B,118,408299
Omar Quintanilla,SS,92,435560
Omar Quintanilla,3B,1,435560
Omir Santos,Catcher,1,435408
Onelki Garcia,RP,3,607162
Oswaldo Arcia,OF,83,542455
Oswaldo Arcia,LF,56,542455
Oswaldo Arcia,RF,29,542455
Oswaldo Arcia,DH,9,542455
P.J. Walters,SP,8,502208
Pablo Sandoval,3B,137,467055
Pablo Sandoval,DH,1,467055
Paco Rodriguez,RP,76,572089
Pat Neshek,RP,45,450212
Patrick Corbin,SP,32,571578
Paul Clemens,RP,30,518560
Paul Clemens,SP,5,518560
Paul Goldschmidt,1B,159,502671
Paul Janish,3B,36,457926
Paul Janish,2B,9,457926
Paul Janish,SS,6,457926
Paul Konerko,1B,76,117244
Paul Konerko,DH,50,117244
Paul Maholm,SP,26,430904
Pedro Alvarez,3B,150,476883
Pedro Alvarez,DH,1,476883
Pedro Beato,RP,10,474039
Pedro Ciriaco,SS,29,465674
Pedro Ciriaco,3B,10,465674
Pedro Ciriaco,DH,6,465674
Pedro Ciriaco,2B,5,465674
Pedro Ciriaco,1B,1,465674
Pedro Feliciano,RP,25,408230
Pedro Figueroa,RP,5,471896
Pedro Florimon,SS,133,465753
Pedro Hernandez,SP,12,517060
Pedro Hernandez,RP,2,517060
Pedro Strop,RP,66,467008
Pedro Villarreal,RP,1,543881
Pedro Villarreal,SP,1,543881
Pete Kozma,SS,139,518902
Pete Kozma,LF,1,518902
Pete Kozma,OF,1,518902
Pete Orr,3B,2,434681
Pete Orr,LF,2,434681
Pete Orr,OF,2,434681
Peter Bourjos,CF,53,488721
Peter Bourjos,OF,53,488721
Peter Moylan,RP,14,493247
Phil Coke,RP,49,457435
Phil Hughes,SP,29,461833
Phil Hughes,RP,1,461833
Phil Irwin,SP,1,572947
Philip Gosselin,2B,3,594838
Philip Humber,RP,10,458950
Philip Humber,SP,7,458950
Phillippe Aumont,RP,22,518418
Placido Polanco,3B,109,135784
Preston Claiborne,RP,44,502011
Preston Guilmet,RP,4,543258
Prince Fielder,1B,151,425902
Prince Fielder,DH,11,425902
Quintin Berry,OF,9,450641
Quintin Berry,RF,4,450641
Quintin Berry,LF,4,450641
Quintin Berry,CF,3,450641
Quintin Berry,DH,1,450641
R.A. Dickey,SP,34,285079
Rafael Betancourt,RP,32,429783
Rafael Dolis,RP,5,503569
Rafael Soriano,RP,68,400089
Rajai Davis,OF,97,434658
Rajai Davis,LF,58,434658
Rajai Davis,RF,35,434658
Rajai Davis,CF,16,434658
Rajai Davis,DH,9,434658
Ramiro Pena,3B,32,455369
Ramiro Pena,2B,10,455369
Ramiro Pena,SS,7,455369
Ramon Hernandez,Catcher,11,150421
Ramon Hernandez,DH,2,150421
Ramon Hernandez,1B,2,150421
Ramon Ortiz,SP,4,150009
Ramon Ortiz,RP,3,150009
Ramon Ramirez,RP,6,430673
Ramon Santiago,2B,33,421124
Ramon Santiago,3B,27,421124
Ramon Santiago,SS,27,421124
Ramon Troncoso,RP,29,470462
Randall Delgado,SP,19,517414
Randall Delgado,RP,1,517414
Randy Choate,RP,64,329092
Raul Ibanez,OF,100,116380
Raul Ibanez,LF,99,116380
Raul Ibanez,DH,21,116380
Raul Ibanez,RF,1,116380
Raul Valdes,RP,16,447744
Raul Valdes,SP,1,447744
Reed Johnson,OF,36,407862
Reed Johnson,RF,15,407862
Reed Johnson,CF,12,407862
Reed Johnson,LF,10,407862
Reid Brignac,SS,20,458582
Reid Brignac,3B,8,458582
Reid Brignac,2B,3,458582
Reid Brignac,LF,1,458582
Reid Brignac,OF,1,458582
Rene Rivera,Catcher,21,425784
Rex Brothers,RP,72,571521
Reymond Fuentes,OF,17,571681
Reymond Fuentes,CF,15,571681
Reymond Fuentes,LF,2,571681
Rhiner Cruz,RP,20,462480
Rich Hill,RP,63,448179
Rick Ankiel,OF,40,150449
Rick Ankiel,RF,26,150449
Rick Ankiel,CF,17,150449
Rick Porcello,SP,29,519144
Rick Porcello,RP,3,519144
Rickie Weeks,2B,95,430001
Ricky Nolasco,SP,33,445060
Ricky Nolasco,RP,1,445060
Ricky Romero,RP,2,460069
Ricky Romero,SP,2,460069
Rob Brantly,Catcher,65,542963
Rob Johnson,Catcher,15,453531
Rob Scahill,RP,23,543746
Rob Wooten,RP,27,543942
Robbie Erlin,SP,9,572362
Robbie Erlin,RP,2,572362
Robbie Grossman,OF,62,543257
Robbie Grossman,LF,45,543257
Robbie Grossman,CF,29,543257
Robbie Grossman,RF,2,543257
Robbie Grossman,DH,1,543257
Robbie Ross,RP,65,543726
Robert Andino,SS,18,435180
Robert Andino,2B,8,435180
Robert Andino,3B,4,435180
Robert Carson,RP,14,518533
Robert Coello,RP,16,445193
Roberto Hernandez,SP,24,433584
Roberto Hernandez,RP,8,433584
Robinson Cano,2B,154,429664
Robinson Cano,DH,6,429664
Robinson Cano,SS,1,429664
Robinson Chirinos,1B,4,455139
Robinson Chirinos,3B,3,455139
Robinson Chirinos,Catcher,3,455139
Robinson Chirinos,DH,1,455139
Roger Bernadina,OF,86,465668
Roger Bernadina,RF,40,465668
Roger Bernadina,LF,29,465668
Roger Bernadina,CF,18,465668
Roger Kieschnick,LF,25,523261
Roger Kieschnick,OF,25,523261
Ronald Belisario,RP,77,430613
Ronny Cedeno,SS,76,430592
Ronny Cedeno,DH,7,430592
Ronny Cedeno,1B,1,430592
Ronny Cedeno,3B,1,430592
Ross Detwiler,SP,13,446321
Ross Ohlendorf,RP,9,456027
Ross Ohlendorf,SP,7,456027
Ross Wolf,RP,19,448693
Ross Wolf,SP,3,448693
Roy Halladay,SP,13,136880
Roy Oswalt,SP,6,400061
Roy Oswalt,RP,3,400061
Rubby De La Rosa,RP,11,523989
Ruben Tejada,SS,55,514913
Russell Martin,Catcher,120,431145
Russell Martin,3B,3,431145
Russell Martin,DH,1,431145
Russell Martin,OF,1,431145
Russell Martin,RF,1,431145
Ryan Brasier,RP,7,518489
Ryan Braun,LF,59,460075
Ryan Braun,OF,59,460075
Ryan Cook,RP,71,475857
Ryan Dempster,SP,29,133225
Ryan Dempster,RP,3,133225
Ryan Doumit,DH,49,425491
Ryan Doumit,Catcher,43,425491
Ryan Doumit,OF,33,425491
Ryan Doumit,RF,32,425491
Ryan Doumit,LF,1,425491
Ryan Flaherty,2B,65,475247
Ryan Flaherty,SS,9,475247
Ryan Flaherty,3B,7,475247
Ryan Flaherty,DH,4,475247
Ryan Flaherty,1B,4,475247
Ryan Goins,2B,32,572365
Ryan Goins,SS,2,572365
Ryan Hanigan,Catcher,72,452672
Ryan Howard,1B,76,429667
Ryan Jackson,3B,3,474249
Ryan Jackson,2B,2,474249
Ryan Jackson,SS,1,474249
Ryan Langerhans,1B,4,407798
Ryan Lavarnway,Catcher,22,543432
Ryan Lavarnway,DH,3,543432
Ryan Ludwick,LF,32,407886
Ryan Ludwick,OF,32,407886
Ryan Ludwick,DH,2,407886
Ryan Mattheus,RP,37,458919
Ryan Pressly,RP,49,519151
Ryan Raburn,OF,65,430605
Ryan Raburn,RF,54,430605
Ryan Raburn,DH,17,430605
Ryan Raburn,LF,13,430605
Ryan Raburn,2B,2,430605
Ryan Reid,RP,7,474256
Ryan Roberts,2B,48,440251
Ryan Roberts,3B,9,440251
Ryan Roberts,1B,3,440251
Ryan Roberts,DH,1,440251
Ryan Sweeney,OF,57,435220
Ryan Sweeney,CF,45,435220
Ryan Sweeney,LF,10,435220
Ryan Sweeney,RF,4,435220
Ryan Vogelsong,SP,19,285064
Ryan Webb,RP,66,444436
Ryan Wheeler,1B,7,572253
Ryan Wheeler,3B,1,572253
Ryan Wheeler,LF,1,572253
Ryan Wheeler,OF,1,572253
Ryan Zimmerman,3B,141,475582
Ryan Zimmerman,DH,4,475582
Salvador Perez,Catcher,137,521692
Salvador Perez,1B,1,521692
Sam Deduno,SP,18,465679
Sam Dyson,RP,4,473879
Sam Dyson,SP,1,473879
Sam Freeman,RP,13,518693
Sam Fuld,OF,105,453539
Sam Fuld,LF,55,453539
Sam Fuld,CF,29,453539
Sam Fuld,RF,28,453539
Sam Fuld,DH,5,453539
Sam LeCure,RP,63,459967
Sandy Leon,Catcher,1,506702
Sandy Rosario,RP,43,466459
Santiago Casilla,RP,57,433586
Scooter Gennett,2B,59,571697
Scott Atchison,RP,51,425786
Scott Baker,SP,3,435044
Scott Barnes,RP,6,488683
Scott Cousins,OF,4,502161
Scott Cousins,LF,3,502161
Scott Cousins,RF,1,502161
Scott Diamond,SP,24,539438
Scott Downs,RP,68,275933
Scott Feldman,SP,30,444857
Scott Hairston,OF,46,430668
Scott Hairston,RF,31,430668
Scott Hairston,LF,16,430668
Scott Hairston,DH,1,430668
Scott Kazmir,SP,29,431148
Scott Rice,RP,73,446488
Scott Sizemore,2B,2,502003
Scott Van Slyke,OF,41,475100
Scott Van Slyke,LF,30,475100
Scott Van Slyke,RF,13,475100
Scott Van Slyke,1B,4,475100
Sean Burnett,RP,13,430634
Sean Doolittle,RP,70,448281
Sean Halton,1B,25,488936
Sean Halton,OF,6,488936
Sean Halton,RF,3,488936
Sean Halton,LF,3,488936
Sean Halton,3B,1,488936
Sean Henn,RP,4,430675
Sean Marshall,RP,16,445156
Sean Nolin,SP,1,543594
Sean O'Sullivan,RP,4,457711
Sean O'Sullivan,SP,3,457711
Sean Rodriguez,OF,54,446481
Sean Rodriguez,LF,47,446481
Sean Rodriguez,1B,23,446481
Sean Rodriguez,RF,8,446481
Sean Rodriguez,SS,7,446481
Sean Rodriguez,2B,5,446481
Sean Rodriguez,DH,4,446481
Sergio Romo,RP,65,489265
Sergio Santos,RP,29,435045
Seth Maness,RP,66,595307
Seth Smith,OF,58,452234
Seth Smith,DH,55,452234
Seth Smith,LF,50,452234
Seth Smith,RF,9,452234
Shairon Martis,RP,6,463017
Shane Peterson,1B,2,451089
Shane Robinson,OF,77,453203
Shane Robinson,RF,34,453203
Shane Robinson,CF,27,453203
Shane Robinson,LF,26,453203
Shane Victorino,OF,122,425664
Shane Victorino,RF,110,425664
Shane Victorino,CF,15,425664
Shaun Marcum,SP,12,451788
Shaun Marcum,RP,2,451788
Shawn Camp,RP,26,425861
Shawn Kelley,RP,57,518875
Shawn Tolleson,RP,1,474521
Shelby Miller,SP,31,571946
Shelley Duncan,DH,15,455167
Shelley Duncan,1B,4,455167
Shin-Soo Choo,OF,153,425783
Shin-Soo Choo,CF,150,425783
Shin-Soo Choo,LF,3,425783
Simon Castro,RP,4,501563
Skip Schumaker,OF,74,435401
Skip Schumaker,2B,44,435401
Skip Schumaker,LF,35,435401
Skip Schumaker,CF,29,435401
Skip Schumaker,RF,18,435401
Skip Schumaker,DH,1,435401
Sonny Gray,SP,10,543243
Sonny Gray,RP,2,543243
Starlin Castro,SS,159,516770
Starling Marte,OF,130,516782
Starling Marte,LF,124,516782
Starling Marte,CF,13,516782
Stephen Drew,SS,124,452220
Stephen Fife,SP,10,543155
Stephen Fife,RP,2,543155
Stephen Pryor,RP,7,543668
Stephen Strasburg,SP,30,544931
Stephen Vogt,Catcher,44,519390
Stephen Vogt,DH,1,519390
Steve Ames,RP,4,571441
Steve Cishek,RP,69,518553
Steve Clevenger,Catcher,4,502182
Steve Clevenger,3B,2,502182
Steve Delabar,RP,55,447755
Steve Johnson,RP,8,489002
Steve Johnson,SP,1,489002
Steve Lombardozzi,2B,48,543459
Steve Lombardozzi,LF,23,543459
Steve Lombardozzi,OF,23,543459
Steve Lombardozzi,3B,4,543459
Steve Pearce,DH,20,456665
Steve Pearce,OF,18,456665
Steve Pearce,LF,15,456665
Steve Pearce,1B,3,456665
Steve Pearce,RF,3,456665
Steve Susdorf,LF,2,519330
Steve Susdorf,OF,2,519330
Steven Lerud,Catcher,5,452722
Steven Wright,RP,3,453214
Steven Wright,SP,1,453214
Stolmy Pimentel,RP,5,516935
T.J. McFarland,RP,37,519008
T.J. McFarland,SP,1,519008
Taijuan Walker,SP,3,592836
Tanner Roark,RP,9,543699
Tanner Roark,SP,5,543699
Tanner Scheppers,RP,76,489294
Taylor Jordan,SP,9,518863
Taylor Teagarden,Catcher,23,460003
Ted Lilly,SP,5,150404
Thad Weber,RP,8,519403
Thomas Field,2B,9,474494
Thomas Field,SS,5,474494
Thomas Field,3B,3,474494
Thomas Neal,OF,4,489166
Thomas Neal,RF,2,489166
Thomas Neal,LF,2,489166
Thomas Neal,DH,1,489166
Tim Beckham,2B,3,542921
Tim Beckham,SS,1,542921
Tim Byrdak,RP,8,136263
Tim Collins,RP,66,525768
Tim Federowicz,Catcher,45,543148
Tim Federowicz,1B,2,543148
Tim Hudson,SP,21,218596
Tim Lincecum,SP,32,453311
Tim Stauffer,RP,43,431162
Todd Cunningham,OF,7,592239
Todd Cunningham,LF,5,592239
Todd Cunningham,RF,2,592239
Todd Frazier,3B,147,453943
Todd Frazier,LF,2,453943
Todd Frazier,OF,2,453943
Todd Helton,1B,110,115732
Todd Helton,DH,1,115732
Todd Redmond,SP,14,445170
Todd Redmond,RP,3,445170
Tom Gorzelanny,RP,33,452733
Tom Gorzelanny,SP,10,452733
Tom Koehler,SP,23,543408
Tom Koehler,RP,6,543408
Tom Wilhelmsen,RP,59,452666
Tommy Hanson,SP,13,462102
Tommy Hanson,RP,2,462102
Tommy Hunter,RP,68,488984
Tommy Layne,RP,14,518927
Tommy Medica,1B,19,523265
Tommy Milone,SP,26,543548
Tommy Milone,RP,2,543548
Tony Abreu,2B,30,473234
Tony Abreu,3B,3,473234
Tony Abreu,SS,3,473234
Tony Campana,OF,9,542999
Tony Campana,CF,8,542999
Tony Campana,LF,2,542999
Tony Cingrani,SP,18,571561
Tony Cingrani,RP,5,571561
Tony Cruz,Catcher,44,488810
Tony Cruz,3B,3,488810
Tony Cruz,DH,1,488810
Tony Sanchez,Catcher,16,506997
Tony Sanchez,DH,2,506997
Tony Sipp,RP,56,448609
Tony Watson,RP,67,453265
Torii Hunter,OF,143,116338
Torii Hunter,RF,143,116338
Travis Blackley,RP,43,429715
Travis Blackley,SP,3,429715
Travis d'Arnaud,Catcher,30,518595
Travis Hafner,DH,72,400098
Travis Ishikawa,1B,5,448170
Travis Ishikawa,DH,2,448170
Travis Snider,OF,81,501983
Travis Snider,RF,79,501983
Travis Snider,LF,5,501983
Travis Wood,SP,32,475243
Trevor Bauer,SP,4,545333
Trevor Cahill,SP,25,502239
Trevor Cahill,RP,1,502239
Trevor Crowe,OF,53,460067
Trevor Crowe,RF,25,460067
Trevor Crowe,LF,24,460067
Trevor Crowe,CF,14,460067
Trevor Crowe,DH,2,460067
Trevor Plouffe,3B,120,461858
Trevor Plouffe,DH,9,461858
Trevor Plouffe,1B,2,461858
Trevor Rosenthal,RP,74,572096
Troy Patton,RP,56,461856
Troy Tulowitzki,SS,121,453064
Tuffy Gosewisch,Catcher,13,488912
Ty Wigginton,1B,7,421064
Ty Wigginton,LF,6,421064
Ty Wigginton,OF,6,421064
Ty Wigginton,3B,5,421064
Tyler Chatwood,SP,20,543022
Tyler Clippard,RP,72,461325
Tyler Cloyd,SP,11,543031
Tyler Cloyd,RP,2,543031
Tyler Colvin,OF,23,502125
Tyler Colvin,CF,16,502125
Tyler Colvin,LF,4,502125
Tyler Colvin,RF,4,502125
Tyler Colvin,1B,1,502125
Tyler Flowers,Catcher,84,452095
Tyler Greene,2B,19,460022
Tyler Lyons,SP,8,544928
Tyler Lyons,RP,4,544928
Tyler Moore,OF,35,489138
Tyler Moore,LF,29,489138
Tyler Moore,1B,14,489138
Tyler Moore,RF,6,489138
Tyler Pastornicky,2B,6,543629
Tyler Pastornicky,CF,1,543629
Tyler Pastornicky,OF,1,543629
Tyler Pastornicky,SS,1,543629
Tyler Robertson,RP,2,502356
Tyler Skaggs,SP,7,572140
Tyler Thornburg,RP,11,592804
Tyler Thornburg,SP,7,592804
Tyson Ross,RP,19,475115
Tyson Ross,SP,16,475115
Ubaldo Jimenez,SP,32,434622
Vance Worley,SP,10,474699
Vernon Wells,OF,96,150484
Vernon Wells,LF,73,150484
Vernon Wells,RF,23,150484
Vernon Wells,DH,22,150484
Vernon Wells,1B,1,150484
Vernon Wells,2B,1,150484
Vernon Wells,3B,1,150484
Vic Black,RP,18,502195
Victor Marte,RP,4,469690
Victor Martinez,DH,139,400121
Victor Martinez,1B,11,400121
Victor Martinez,Catcher,3,400121
Vidal Nuno,SP,3,573064
Vidal Nuno,RP,2,573064
Vin Mazzaro,RP,57,476570
Vinnie Pestano,RP,37,502260
Wade Davis,SP,24,451584
Wade Davis,RP,7,451584
Wade LeBlanc,RP,10,453281
Wade LeBlanc,SP,7,453281
Wade Miley,SP,33,489119
Wandy Rodriguez,SP,12,434643
Wei-Yin Chen,SP,23,612672
Welington Castillo,Catcher,111,456078
Wesley Wright,RP,71,449079
Wil Myers,OF,77,571976
Wil Myers,RF,72,571976
Wil Myers,DH,11,571976
Wil Myers,CF,8,571976
Wil Nieves,Catcher,47,408242
Wil Nieves,DH,1,408242
Wilfredo Tovar,SS,7,541600
Wilin Rosario,Catcher,106,501647
Wilin Rosario,DH,4,501647
Wilin Rosario,1B,4,501647
Wilkin Ramirez,OF,25,457133
Wilkin Ramirez,RF,9,457133
Wilkin Ramirez,CF,9,457133
Wilkin Ramirez,LF,8,457133
Will Harris,RP,61,501789
Will Middlebrooks,3B,92,519025
Will Middlebrooks,2B,2,519025
Will Middlebrooks,1B,1,519025
Will Smith,RP,18,519293
Will Smith,SP,1,519293
Will Venable,OF,143,461416
Will Venable,RF,97,461416
Will Venable,CF,80,461416
Willie Bloomquist,2B,15,217100
Willie Bloomquist,SS,9,217100
Willie Bloomquist,LF,7,217100
Willie Bloomquist,OF,7,217100
Wilmer Flores,3B,26,527038
Wilmer Flores,2B,2,527038
Wilmer Font,RP,2,521655
Wilson Betemit,DH,5,400140
Wilson Betemit,1B,1,400140
Wilson Ramos,Catcher,77,467092
Wilton Lopez,RP,75,446641
Wily Peralta,SP,32,503449
Xander Bogaerts,3B,9,593428
Xander Bogaerts,SS,8,593428
Xavier Cedeno,RP,16,458584
Xavier Paul,LF,59,449082
Xavier Paul,OF,59,449082
Xavier Paul,DH,4,449082
Yadier Molina,Catcher,132,425877
Yadier Molina,1B,5,425877
Yamaico Navarro,2B,8,501605
Yan Gomes,Catcher,85,543228
Yan Gomes,DH,3,543228
Yan Gomes,1B,1,543228
Yasiel Puig,OF,100,624577
Yasiel Puig,RF,93,624577
Yasiel Puig,CF,10,624577
Yasiel Puig,LF,2,624577
Yasmani Grandal,Catcher,26,518735
Yasmani Grandal,1B,1,518735
Yoenis Cespedes,OF,108,493316
Yoenis Cespedes,LF,94,493316
Yoenis Cespedes,DH,27,493316
Yoenis Cespedes,CF,18,493316
Yoervis Medina,RP,63,500721
Yonder Alonso,1B,92,475174
Yonder Alonso,2B,1,475174
Yonder Alonso,3B,1,475174
Yonder Alonso,LF,1,475174
Yonder Alonso,OF,1,475174
Yordano Ventura,SP,3,570649
Yorvit Torrealba,Catcher,50,150275
Yorvit Torrealba,1B,3,150275
Yovani Gallardo,SP,31,451596
Yu Darvish,SP,32,506433
Yunel Escobar,SS,153,488862
Yunesky Maya,RP,1,493337
Yuniesky Betancourt,1B,68,435358
Yuniesky Betancourt,3B,59,435358
Yuniesky Betancourt,2B,5,435358
Yuniesky Betancourt,SS,3,435358
Yuniesky Betancourt,LF,2,435358
Yuniesky Betancourt,OF,2,435358
Yusmeiro Petit,SP,7,433589
Yusmeiro Petit,RP,1,433589
Zach Britton,SP,7,502154
Zach Britton,RP,1,502154
Zach Clark,RP,1,503483
Zach Duke,RP,25,435043
Zach Duke,SP,1,435043
Zach Lutz,3B,3,518963
Zach Lutz,DH,1,518963
Zach Lutz,1B,1,518963
Zach McAllister,SP,24,502083
Zach Miner,RP,13,435261
Zach Miner,SP,3,435261
Zach Phillips,RP,3,452061
Zach Putnam,RP,5,474029
Zach Rosscup,RP,10,573127
Zach Walters,3B,2,595025
Zach Walters,SS,2,595025
Zack Cozart,SS,150,446359
Zack Greinke,SP,28,425844
Zack Wheeler,SP,17,554430
Zeke Spruill,RP,4,543809
Zeke Spruill,SP,2,543809
Zoilo Almonte,OF,28,501660
Zoilo Almonte,LF,25,501660
Zoilo Almonte,RF,3,501660
Zoilo Almonte,DH,2,501660